标准岗位,标准城市,技能,出现岗位数,岗位内出现率
算法工程师,上海,C++,374,55.1%
算法工程师,上海,Python,358,52.7%
算法工程师,深圳,C++,357,55.1%
算法工程师,北京,Python,338,61.0%
算法工程师,深圳,Python,321,49.5%
算法工程师,北京,深度学习,249,44.9%
算法工程师,上海,深度学习,245,36.1%
算法工程师,北京,C++,236,42.6%
算法工程师,北京,PyTorch,223,40.3%
算法工程师,北京,大语言模型,216,39.0%
算法工程师,深圳,深度学习,209,32.3%
算法工程师,杭州,Python,196,55.5%
算法工程师,广州,Python,192,58.2%
算法工程师,广州,C++,191,57.9%
算法工程师,杭州,C++,183,51.8%
算法工程师,北京,机器学习,180,32.5%
算法工程师,上海,PyTorch,179,26.4%
算法工程师,深圳,PyTorch,169,26.1%
算法工程师,武汉,Python,163,65.5%
算法工程师,上海,机器学习,162,23.9%
算法工程师,成都,Python,156,60.5%
算法工程师,武汉,C++,147,59.0%
算法工程师,成都,C++,146,56.6%
算法工程师,北京,TensorFlow,144,26.0%
算法工程师,南京,Python,138,56.6%
算法工程师,上海,TensorFlow,135,19.9%
算法工程师,广州,深度学习,135,40.9%
算法工程师,杭州,深度学习,135,38.2%
算法工程师,上海,MATLAB,130,19.1%
算法工程师,深圳,机器学习,130,20.1%
算法工程师,杭州,PyTorch,121,34.3%
算法工程师,深圳,TensorFlow,119,18.4%
算法工程师,广州,PyTorch,118,35.8%
算法工程师,南京,C++,117,48.0%
算法工程师,深圳,MATLAB,116,17.9%
数据分析师,北京,SQL,106,58.9%
数据分析师,上海,SQL,101,56.1%
算法工程师,上海,Linux,100,14.7%
算法工程师,广州,TensorFlow,100,30.3%
算法工程师,杭州,机器学习,99,28.0%
算法工程师,武汉,深度学习,99,39.8%
算法工程师,上海,大语言模型,98,14.4%
算法工程师,杭州,TensorFlow,96,27.2%
数据分析师,北京,Python,95,52.8%
算法工程师,成都,深度学习,92,35.7%
算法工程师,南京,深度学习,90,36.9%
算法工程师,北京,NLP,89,16.1%
数据分析师,上海,Python,88,48.9%
算法工程师,北京,Linux,87,15.7%
Python开发工程师,北京,Python,85,92.4%
算法工程师,广州,机器学习,83,25.2%
数据分析师,上海,Excel,82,45.6%
算法工程师,杭州,大语言模型,82,23.2%
算法工程师,西安,C++,82,49.1%
算法工程师,西安,Python,82,49.1%
算法工程师,重庆,Python,82,67.2%
Python开发工程师,深圳,Python,80,94.1%
算法工程师,成都,PyTorch,78,30.2%
算法工程师,南京,PyTorch,76,31.1%
算法工程师,深圳,Linux,76,11.7%
算法工程师,深圳,大语言模型,76,11.7%
算法工程师,武汉,PyTorch,75,30.1%
数据分析师,广州,SQL,72,51.1%
算法工程师,北京,Java,70,12.6%
数据分析师,广州,Python,68,48.2%
算法工程师,北京,计算机视觉,68,12.3%
算法工程师,西安,深度学习,66,39.5%
Python开发工程师,上海,Python,65,98.5%
算法工程师,武汉,机器学习,64,25.7%
算法工程师,重庆,深度学习,64,52.5%
数据分析师,广州,Excel,63,44.7%
算法工程师,深圳,计算机视觉,63,9.7%
数据分析师,深圳,SQL,61,56.0%
算法工程师,南京,TensorFlow,61,25.0%
算法工程师,成都,TensorFlow,61,23.6%
算法工程师,重庆,C++,61,50.0%
算法工程师,武汉,TensorFlow,59,23.7%
算法工程师,成都,MATLAB,57,22.1%
数据分析师,北京,Excel,55,30.6%
算法工程师,成都,机器学习,55,21.3%
算法工程师,重庆,PyTorch,55,45.1%
算法工程师,北京,RAG,54,9.7%
算法工程师,广州,Linux,54,16.4%
算法工程师,武汉,MATLAB,53,21.3%
数据分析师,北京,R,52,28.9%
数据开发工程师,上海,SQL,52,63.4%
算法工程师,广州,大语言模型,52,15.8%
算法工程师,杭州,计算机视觉,52,14.7%
数据分析师,深圳,Python,51,46.8%
算法工程师,杭州,Linux,50,14.2%
数据分析师,上海,Power BI,49,27.2%
数据分析师,深圳,Excel,49,45.0%
算法工程师,上海,Java,48,7.1%
算法工程师,南京,机器学习,48,19.7%
数据分析师,成都,SQL,47,52.2%
算法工程师,北京,MATLAB,47,8.5%
数据分析师,杭州,SQL,46,54.1%
数据分析师,上海,Tableau,45,25.0%
数据开发工程师,北京,SQL,44,64.7%
算法工程师,重庆,机器学习,44,36.1%
Python开发工程师,西安,Python,43,95.6%
算法工程师,成都,大语言模型,43,16.7%
算法工程师,杭州,NLP,43,12.2%
算法工程师,西安,PyTorch,43,25.7%
算法工程师,西安,机器学习,43,25.7%
数据开发工程师,上海,Python,42,51.2%
算法工程师,北京,数据挖掘,42,7.6%
算法工程师,广州,MATLAB,42,12.7%
数据分析师,杭州,Python,41,48.2%
算法工程师,南京,MATLAB,41,16.8%
算法工程师,西安,MATLAB,41,24.6%
Python开发工程师,北京,MySQL,40,43.5%
数据开发工程师,深圳,SQL,40,69.0%
算法工程师,武汉,大语言模型,40,16.1%
数据分析师,上海,数据可视化,39,21.7%
数据分析师,成都,Python,39,43.3%
数据开发工程师,北京,数据仓库,39,57.4%
算法工程师,杭州,MATLAB,39,11.0%
算法工程师,西安,TensorFlow,39,23.4%
算法工程师,重庆,TensorFlow,39,32.0%
Python开发工程师,北京,Linux,38,41.3%
数据分析师,北京,Tableau,37,20.6%
数据分析师,北京,数据可视化,37,20.6%
数据分析师,南京,SQL,37,61.7%
算法工程师,南京,Linux,37,15.2%
算法工程师,南京,大语言模型,37,15.2%
Python开发工程师,深圳,MySQL,36,42.4%
大数据开发工程师,北京,Spark,36,67.9%
大数据开发工程师,深圳,SQL,36,83.7%
数据分析师,杭州,Excel,36,42.4%
数据开发工程师,北京,Python,36,52.9%
大数据开发工程师,北京,SQL,35,66.0%
数据分析师,成都,Excel,35,38.9%
数据开发工程师,深圳,数据仓库,35,60.3%
数据开发工程师,上海,数据仓库,34,41.5%
算法工程师,上海,NLP,34,5.0%
算法工程师,成都,Linux,34,13.2%
Python开发工程师,上海,Flask,33,50.0%
Python开发工程师,广州,Python,33,100.0%
大数据开发工程师,北京,Java,33,62.3%
算法工程师,广州,计算机视觉,33,10.0%
Python开发工程师,北京,Flask,32,34.8%
Python开发工程师,成都,Python,32,100.0%
Python开发工程师,深圳,Linux,32,37.6%
数据开发工程师,北京,Java,32,47.1%
Python开发工程师,上海,MySQL,31,47.0%
数据分析师,深圳,Power BI,31,28.4%
数据开发工程师,上海,Spark,31,37.8%
数据开发工程师,北京,ETL,31,45.6%
数据开发工程师,北京,Hive,31,45.6%
算法工程师,杭州,Java,31,8.8%
Python开发工程师,上海,Linux,30,45.5%
大数据开发工程师,北京,数据仓库,30,56.6%
大数据开发工程师,深圳,Spark,30,69.8%
数据分析师,上海,R,30,16.7%
数据分析师,南京,Python,30,50.0%
数据分析师,武汉,SQL,30,45.5%
数据分析师,深圳,Tableau,30,27.5%
数据分析师,西安,SQL,30,52.6%
数据开发工程师,北京,Spark,30,44.1%
数据开发工程师,广州,SQL,30,73.2%
数据开发工程师,深圳,Python,30,51.7%
数据开发工程师,深圳,Spark,30,51.7%
算法工程师,上海,计算机视觉,30,4.4%
Python开发工程师,北京,大语言模型,29,31.5%
大数据开发工程师,北京,Flink,29,54.7%
大数据开发工程师,北京,Hadoop,29,54.7%
数据分析师,武汉,Excel,29,43.9%
数据开发工程师,北京,Hadoop,29,42.6%
算法工程师,上海,数据挖掘,29,4.3%
算法工程师,北京,推荐算法,29,5.2%
算法工程师,南京,计算机视觉,29,11.9%
算法工程师,武汉,Linux,29,11.6%
算法工程师,武汉,计算机视觉,29,11.6%
大数据开发工程师,北京,Hive,28,52.8%
大数据开发工程师,北京,Python,28,52.8%
大数据开发工程师,深圳,Flink,28,65.1%
大数据开发工程师,深圳,数据仓库,28,65.1%
数据分析师,广州,R,28,19.9%
算法工程师,成都,计算机视觉,28,10.9%
Python开发工程师,北京,Redis,27,29.3%
大数据开发工程师,深圳,Java,27,62.8%
数据开发工程师,上海,ETL,27,32.9%
大数据开发工程师,深圳,Hadoop,26,60.5%
数据开发工程师,上海,Hive,26,31.7%
数据开发工程师,上海,Java,26,31.7%
算法工程师,北京,SQL,26,4.7%
算法工程师,北京,Spark,26,4.7%
算法工程师,深圳,Java,26,4.0%
算法工程师,深圳,NLP,26,4.0%
Python开发工程师,北京,Docker,25,27.2%
大数据开发工程师,广州,SQL,25,71.4%
大数据开发工程师,广州,Spark,25,71.4%
数据分析师,北京,数据建模,25,13.9%
数据分析师,西安,Python,25,43.9%
数据开发工程师,上海,MySQL,25,30.5%
数据开发工程师,北京,MySQL,25,36.8%
算法工程师,上海,Docker,25,3.7%
算法工程师,上海,Git,25,3.7%
算法工程师,重庆,大语言模型,25,20.5%
Python开发工程师,杭州,Python,24,96.0%
大数据开发工程师,北京,HBase,24,45.3%
大数据开发工程师,深圳,Python,24,55.8%
数据分析师,西安,Excel,24,42.1%
数据开发工程师,上海,Flink,24,29.3%
数据开发工程师,广州,Python,24,58.5%
数据开发工程师,深圳,Hadoop,24,41.4%
数据开发工程师,深圳,数据建模,24,41.4%
Python开发工程师,深圳,Flask,23,27.1%
大数据开发工程师,上海,Spark,23,74.2%
大数据开发工程师,广州,Hadoop,23,65.7%
大数据开发工程师,广州,Java,23,65.7%
大数据开发工程师,深圳,Hive,23,53.5%
数据分析师,武汉,Python,23,34.8%
数据分析师,重庆,SQL,23,59.0%
数据开发工程师,上海,Hadoop,23,28.0%
数据开发工程师,北京,Flink,23,33.8%
数据开发工程师,深圳,Hive,23,39.7%
算法工程师,武汉,NLP,23,9.2%
Python开发工程师,北京,Django,22,23.9%
Python开发工程师,深圳,SQL,22,25.9%
数据分析师,上海,统计分析,22,12.2%
数据分析师,北京,Power BI,22,12.2%
数据分析师,重庆,Python,22,56.4%
数据开发工程师,北京,数据建模,22,32.4%
数据开发工程师,广州,数据仓库,22,53.7%
数据开发工程师,深圳,Flink,22,37.9%
Python开发工程师,上海,Redis,21,31.8%
Python开发工程师,北京,FastAPI,21,22.8%
大数据开发工程师,广州,Hive,21,60.0%
大数据开发工程师,广州,数据仓库,21,60.0%
数据分析师,北京,数据挖掘,21,11.7%
数据开发工程师,广州,Hadoop,21,51.2%
数据开发工程师,杭州,SQL,21,60.0%
数据开发工程师,武汉,SQL,21,63.6%
算法工程师,上海,Spark,21,3.1%
算法工程师,北京,LangChain,21,3.8%
算法工程师,广州,NLP,21,6.4%
算法工程师,西安,Linux,21,12.6%
Python开发工程师,上海,Django,20,30.3%
Python开发工程师,深圳,FastAPI,20,23.5%
Python开发工程师,深圳,Redis,20,23.5%
Python开发工程师,西安,Flask,20,44.4%
大数据开发工程师,北京,Kafka,20,37.7%
大数据开发工程师,广州,Python,20,57.1%
大数据开发工程师,西安,Spark,20,66.7%
数据分析师,上海,数据挖掘,20,11.1%
数据分析师,南京,Excel,20,33.3%
数据开发工程师,上海,数据建模,20,24.4%
数据开发工程师,北京,Oracle,20,29.4%
数据开发工程师,南京,SQL,20,57.1%
算法工程师,上海,SQL,20,2.9%
算法工程师,北京,scikit-learn,20,3.6%
算法工程师,广州,Java,20,6.1%
算法工程师,西安,大语言模型,20,12.0%
算法工程师,重庆,Linux,20,16.4%
Python开发工程师,北京,Git,19,20.7%
Python开发工程师,南京,Python,19,100.0%
Python开发工程师,武汉,Python,19,100.0%
Python开发工程师,深圳,Django,19,22.4%
大数据开发工程师,北京,Scala,19,35.8%
数据分析师,北京,机器学习,19,10.6%
数据分析师,广州,数据可视化,19,13.5%
数据分析师,成都,R,19,21.1%
数据分析师,杭州,R,19,22.4%
数据开发工程师,上海,Linux,19,23.2%
数据开发工程师,上海,Oracle,19,23.2%
数据开发工程师,广州,ETL,19,46.3%
数据开发工程师,广州,Spark,19,46.3%
数据开发工程师,成都,SQL,19,65.5%
数据开发工程师,杭州,数据仓库,19,54.3%
算法工程师,杭州,RAG,19,5.4%
算法工程师,西安,Java,19,11.4%
Python开发工程师,北京,Java,18,19.6%
Python开发工程师,北京,PostgreSQL,18,19.6%
Python开发工程师,北京,机器学习,18,19.6%
Python开发工程师,深圳,PostgreSQL,18,21.2%
大数据开发工程师,上海,SQL,18,58.1%
大数据开发工程师,广州,Flink,18,51.4%
大数据开发工程师,深圳,数据建模,18,41.9%
数据分析师,北京,数据治理,18,10.0%
数据分析师,广州,Power BI,18,12.8%
数据分析师,杭州,Tableau,18,21.2%
数据开发工程师,北京,Linux,18,26.5%
数据开发工程师,深圳,ETL,18,31.0%
数据开发工程师,西安,Python,18,66.7%
算法工程师,北京,NumPy,18,3.2%
算法工程师,成都,NLP,18,7.0%
算法工程师,重庆,Java,18,14.8%
Python开发工程师,深圳,Git,17,20.0%
大数据开发工程师,西安,Hive,17,56.7%
大数据开发工程师,西安,Java,17,56.7%
数据分析师,广州,Tableau,17,12.1%
数据分析师,重庆,Excel,17,43.6%
数据开发工程师,武汉,Oracle,17,51.5%
数据开发工程师,深圳,Oracle,17,29.3%
算法工程师,深圳,Git,17,2.6%
算法工程师,西安,计算机视觉,17,10.2%
Python开发工程师,北京,SQL,16,17.4%
Python开发工程师,广州,Linux,16,48.5%
Python开发工程师,西安,Linux,16,35.6%
大数据开发工程师,武汉,SQL,16,80.0%
大数据开发工程师,西安,Flink,16,53.3%
大数据开发工程师,西安,Hadoop,16,53.3%
数据分析师,上海,数据建模,16,8.9%
数据分析师,北京,数据仓库,16,8.9%
数据分析师,北京,统计分析,16,8.9%
数据分析师,南京,数据可视化,16,26.7%
数据分析师,深圳,数据可视化,16,14.7%
数据开发工程师,广州,MySQL,16,39.0%
数据开发工程师,西安,SQL,16,59.3%
算法工程师,上海,推荐算法,16,2.4%
Python开发工程师,上海,Docker,15,22.7%
Python开发工程师,上海,FastAPI,15,22.7%
Python开发工程师,上海,PostgreSQL,15,22.7%
Python开发工程师,北京,NumPy,15,16.3%
Python开发工程师,西安,Django,15,33.3%
大数据开发工程师,上海,Flink,15,48.4%
大数据开发工程师,上海,Hive,15,48.4%
大数据开发工程师,上海,Java,15,48.4%
大数据开发工程师,上海,Python,15,48.4%
大数据开发工程师,北京,MySQL,15,28.3%
大数据开发工程师,武汉,Spark,15,75.0%
大数据开发工程师,深圳,Kafka,15,34.9%
大数据开发工程师,西安,Python,15,50.0%
数据分析师,上海,Pandas,15,8.3%
数据分析师,成都,Tableau,15,16.7%
数据分析师,深圳,R,15,13.8%
数据分析师,深圳,数据挖掘,15,13.8%
数据开发工程师,北京,Kafka,15,22.1%
数据开发工程师,广州,Hive,15,36.6%
数据开发工程师,广州,Oracle,15,36.6%
数据开发工程师,成都,Python,15,51.7%
数据开发工程师,武汉,数据仓库,15,45.5%
数据开发工程师,深圳,Java,15,25.9%
数据开发工程师,深圳,数据治理,15,25.9%
算法工程师,上海,RAG,15,2.2%
算法工程师,北京,Hadoop,15,2.7%
算法工程师,北京,Pandas,15,2.7%
算法工程师,北京,Prompt Engineering,15,2.7%
算法工程师,北京,Transformers,15,2.7%
算法工程师,南京,Java,15,6.1%
算法工程师,深圳,RAG,15,2.3%
算法工程师,重庆,MATLAB,15,12.3%
Python开发工程师,上海,Git,14,21.2%
Python开发工程师,北京,Pandas,14,15.2%
Python开发工程师,北京,RAG,14,15.2%
Python开发工程师,广州,MySQL,14,42.4%
Python开发工程师,成都,MySQL,14,43.8%
Python开发工程师,西安,MySQL,14,31.1%
大数据开发工程师,上海,Hadoop,14,45.2%
大数据开发工程师,广州,Scala,14,40.0%
数据分析师,上海,MySQL,14,7.8%
数据分析师,上海,机器学习,14,7.8%
数据分析师,南京,机器学习,14,23.3%
数据分析师,广州,数据挖掘,14,9.9%
数据分析师,成都,统计分析,14,15.6%
数据分析师,杭州,Power BI,14,16.5%
数据开发工程师,上海,数据治理,14,17.1%
数据开发工程师,南京,Python,14,40.0%
数据开发工程师,杭州,ETL,14,40.0%
数据开发工程师,杭州,Python,14,40.0%
算法工程师,上海,Hadoop,14,2.1%
算法工程师,上海,Hive,14,2.1%
算法工程师,上海,Pandas,14,2.1%
算法工程师,北京,Git,14,2.5%
算法工程师,深圳,Docker,14,2.2%
算法工程师,深圳,SQL,14,2.2%
算法工程师,重庆,NLP,14,11.5%
算法工程师,重庆,计算机视觉,14,11.5%
Python开发工程师,北京,MongoDB,13,14.1%
Python开发工程师,广州,SQL,13,39.4%
Python开发工程师,深圳,Docker,13,15.3%
大数据开发工程师,北京,Linux,13,24.5%
大数据开发工程师,广州,MySQL,13,37.1%
大数据开发工程师,广州,数据治理,13,37.1%
大数据开发工程师,武汉,Hadoop,13,65.0%
大数据开发工程师,深圳,ETL,13,30.2%
大数据开发工程师,西安,数据仓库,13,43.3%
数据分析师,北京,Hadoop,13,7.2%
数据分析师,北京,MySQL,13,7.2%
数据分析师,北京,Pandas,13,7.2%
数据分析师,北京,Spark,13,7.2%
数据分析师,南京,Tableau,13,21.7%
数据分析师,成都,Power BI,13,14.4%
数据分析师,成都,数据可视化,13,14.4%
数据分析师,成都,数据建模,13,14.4%
数据分析师,武汉,R,13,19.7%
数据分析师,深圳,数据建模,13,11.9%
数据分析师,深圳,机器学习,13,11.9%
数据开发工程师,上海,Kafka,13,15.9%
数据开发工程师,南京,Oracle,13,37.1%
数据开发工程师,广州,Flink,13,31.7%
数据开发工程师,深圳,MySQL,13,22.4%
机器学习工程师,北京,Python,13,81.2%
算法工程师,北京,Docker,13,2.3%
算法工程师,南京,NumPy,13,5.3%
算法工程师,广州,RAG,13,3.9%
算法工程师,广州,scikit-learn,13,3.9%
算法工程师,成都,RAG,13,5.0%
算法工程师,西安,NLP,13,7.8%
算法工程师,重庆,RAG,13,10.7%
Python开发工程师,北京,C++,12,13.0%
Python开发工程师,北京,深度学习,12,13.0%
Python开发工程师,广州,Java,12,36.4%
Python开发工程师,成都,Flask,12,37.5%
Python开发工程师,杭州,Linux,12,48.0%
Python开发工程师,西安,Git,12,26.7%
Python开发工程师,重庆,Python,12,100.0%
大数据开发工程师,北京,ETL,12,22.6%
大数据开发工程师,北京,数据建模,12,22.6%
大数据开发工程师,南京,Hadoop,12,63.2%
大数据开发工程师,南京,Hive,12,63.2%
大数据开发工程师,南京,Java,12,63.2%
大数据开发工程师,南京,Spark,12,63.2%
大数据开发工程师,武汉,Hive,12,60.0%
数据分析师,北京,Hive,12,6.7%
数据分析师,南京,R,12,20.0%
数据分析师,南京,数据建模,12,20.0%
数据分析师,成都,机器学习,12,13.3%
数据分析师,武汉,Power BI,12,18.2%
数据开发工程师,上海,Scala,12,14.6%
数据开发工程师,北京,HBase,12,17.6%
数据开发工程师,广州,Java,12,29.3%
数据开发工程师,广州,数据建模,12,29.3%
数据开发工程师,成都,数据仓库,12,41.4%
数据开发工程师,杭州,Flink,12,34.3%
数据开发工程师,杭州,Spark,12,34.3%
数据开发工程师,武汉,MySQL,12,36.4%
数据开发工程师,深圳,Kafka,12,20.7%
机器学习工程师,上海,Python,12,92.3%
算法工程师,上海,NumPy,12,1.8%
算法工程师,北京,MySQL,12,2.2%
算法工程师,南京,NLP,12,4.9%
算法工程师,南京,RAG,12,4.9%
算法工程师,南京,数据挖掘,12,4.9%
算法工程师,广州,NumPy,12,3.6%
算法工程师,成都,Java,12,4.7%
算法工程师,武汉,Java,12,4.8%
算法工程师,深圳,R,12,1.9%
Python开发工程师,上海,Kafka,11,16.7%
Python开发工程师,北京,Kubernetes,11,12.0%
Python开发工程师,广州,Docker,11,33.3%
Python开发工程师,广州,Redis,11,33.3%
Python开发工程师,成都,Linux,11,34.4%
大数据开发工程师,上海,Kafka,11,35.5%
大数据开发工程师,上海,数据仓库,11,35.5%
大数据开发工程师,南京,Flink,11,57.9%
大数据开发工程师,南京,SQL,11,57.9%
大数据开发工程师,广州,数据建模,11,31.4%
大数据开发工程师,武汉,数据仓库,11,55.0%
大数据开发工程师,深圳,Scala,11,25.6%
数据分析师,上海,数据治理,11,6.1%
数据分析师,广州,机器学习,11,7.8%
数据分析师,杭州,数据可视化,11,12.9%
数据分析师,西安,R,11,19.3%
数据开发工程师,南京,Hive,11,31.4%
数据开发工程师,广州,Linux,11,26.8%
数据开发工程师,成都,Java,11,37.9%
数据开发工程师,杭州,Oracle,11,31.4%
数据开发工程师,武汉,Java,11,33.3%
数据开发工程师,西安,Hive,11,40.7%
数据开发工程师,西安,Java,11,40.7%
数据开发工程师,西安,数据仓库,11,40.7%
数据开发工程师,重庆,SQL,11,57.9%
机器学习工程师,北京,机器学习,11,68.8%
算法工程师,上海,R,11,1.6%
算法工程师,上海,scikit-learn,11,1.6%
算法工程师,上海,统计分析,11,1.6%
算法工程师,北京,Flask,11,2.0%
算法工程师,北京,Hive,11,2.0%
算法工程师,北京,R,11,2.0%
算法工程师,南京,Git,11,4.5%
算法工程师,广州,Pandas,11,3.3%
算法工程师,成都,Docker,11,4.3%
算法工程师,杭州,数据挖掘,11,3.1%
算法工程师,深圳,LangChain,11,1.7%
算法工程师,深圳,数据挖掘,11,1.7%
Python开发工程师,上海,SQL,10,15.2%
Python开发工程师,北京,PyTorch,10,10.9%
Python开发工程师,北京,TensorFlow,10,10.9%
Python开发工程师,广州,Flask,10,30.3%
Python开发工程师,成都,Redis,10,31.2%
Python开发工程师,杭州,Flask,10,40.0%
Python开发工程师,西安,SQL,10,22.2%
大数据开发工程师,北京,数据治理,10,18.9%
大数据开发工程师,北京,数据湖,10,18.9%
大数据开发工程师,广州,ETL,10,28.6%
大数据开发工程师,广州,Kafka,10,28.6%
大数据开发工程师,成都,Hadoop,10,71.4%
大数据开发工程师,成都,Java,10,71.4%
大数据开发工程师,深圳,MySQL,10,23.3%
大数据开发工程师,西安,ETL,10,33.3%
大数据开发工程师,西安,数据建模,10,33.3%
数据分析师,上海,NumPy,10,5.6%
数据分析师,上海,Spark,10,5.6%
数据分析师,北京,Oracle,10,5.6%
数据分析师,南京,统计分析,10,16.7%
数据分析师,广州,Pandas,10,7.1%
数据分析师,广州,统计分析,10,7.1%
数据分析师,武汉,Hadoop,10,15.2%
数据分析师,武汉,数据可视化,10,15.2%
数据分析师,深圳,Pandas,10,9.2%
数据开发工程师,上海,HBase,10,12.2%
数据开发工程师,南京,MySQL,10,28.6%
数据开发工程师,南京,Spark,10,28.6%
数据开发工程师,成都,Hadoop,10,34.5%
数据开发工程师,杭州,Java,10,28.6%
数据开发工程师,武汉,Spark,10,30.3%
数据开发工程师,西安,数据建模,10,37.0%
机器学习工程师,北京,PyTorch,10,62.5%
算法工程师,上海,LangChain,10,1.5%
算法工程师,广州,Docker,10,3.0%
算法工程师,广州,数据挖掘,10,3.0%
算法工程师,杭州,LangChain,10,2.8%
算法工程师,杭州,NumPy,10,2.8%
算法工程师,杭州,Pandas,10,2.8%
算法工程师,深圳,NumPy,10,1.5%
算法工程师,深圳,Pandas,10,1.5%
算法工程师,深圳,Prompt Engineering,10,1.5%
算法工程师,深圳,推荐算法,10,1.5%
算法工程师,西安,RAG,10,6.0%
算法工程师,西安,scikit-learn,10,6.0%
Python开发工程师,广州,大语言模型,9,27.3%
Python开发工程师,成都,FastAPI,9,28.1%
Python开发工程师,杭州,MySQL,9,36.0%
Python开发工程师,杭州,SQL,9,36.0%
Python开发工程师,深圳,MongoDB,9,10.6%
大数据开发工程师,上海,HBase,9,29.0%
大数据开发工程师,上海,Linux,9,29.0%
大数据开发工程师,北京,Docker,9,17.0%
大数据开发工程师,北京,Kubernetes,9,17.0%
大数据开发工程师,北京,Oracle,9,17.0%
大数据开发工程师,北京,Spark SQL,9,17.0%
大数据开发工程师,南京,HBase,9,47.4%
大数据开发工程师,南京,数据仓库,9,47.4%
大数据开发工程师,武汉,Linux,9,45.0%
大数据开发工程师,武汉,数据建模,9,45.0%
大数据开发工程师,深圳,Oracle,9,20.9%
大数据开发工程师,西安,HBase,9,30.0%
大数据开发工程师,西安,Linux,9,30.0%
大数据开发工程师,西安,SQL,9,30.0%
大数据开发工程师,西安,Scala,9,30.0%
数据分析师,上海,FineBI,9,5.0%
数据分析师,上海,Java,9,5.0%
数据分析师,上海,数据仓库,9,5.0%
数据分析师,北京,FineBI,9,5.0%
数据分析师,北京,NumPy,9,5.0%
数据分析师,广州,MySQL,9,6.4%
数据分析师,广州,NumPy,9,6.4%
数据分析师,广州,SPSS,9,6.4%
数据分析师,成都,Pandas,9,10.0%
数据分析师,武汉,Tableau,9,13.6%
数据分析师,武汉,数据建模,9,13.6%
数据分析师,武汉,机器学习,9,13.6%
数据分析师,深圳,Spark,9,8.3%
数据分析师,深圳,数据仓库,9,8.3%
数据分析师,深圳,数据治理,9,8.3%
数据分析师,深圳,统计分析,9,8.3%
数据分析师,重庆,R,9,23.1%
数据分析师,重庆,统计分析,9,23.1%
数据开发工程师,上海,ClickHouse,9,11.0%
数据开发工程师,上海,NumPy,9,11.0%
数据开发工程师,上海,Pandas,9,11.0%
数据开发工程师,上海,Tableau,9,11.0%
数据开发工程师,北京,数据治理,9,13.2%
数据开发工程师,南京,Hadoop,9,25.7%
数据开发工程师,南京,数据仓库,9,25.7%
数据开发工程师,广州,数据治理,9,22.0%
数据开发工程师,杭州,数据建模,9,25.7%
数据开发工程师,武汉,ETL,9,27.3%
数据开发工程师,武汉,Hive,9,27.3%
数据开发工程师,西安,ETL,9,33.3%
数据开发工程师,西安,Flink,9,33.3%
数据开发工程师,西安,MySQL,9,33.3%
数据开发工程师,西安,Spark,9,33.3%
数据开发工程师,重庆,Spark,9,47.4%
数据开发工程师,重庆,数据仓库,9,47.4%
机器学习工程师,深圳,机器学习,9,90.0%
算法工程师,北京,FastAPI,9,1.6%
算法工程师,南京,LangChain,9,3.7%
算法工程师,广州,LangChain,9,2.7%
算法工程师,广州,R,9,2.7%
算法工程师,成都,Git,9,3.5%
算法工程师,成都,R,9,3.5%
算法工程师,杭州,推荐算法,9,2.5%
算法工程师,武汉,Pandas,9,3.6%
算法工程师,武汉,R,9,3.6%
算法工程师,武汉,SQL,9,3.6%
算法工程师,深圳,统计分析,9,1.4%
BI分析师,上海,SQL,8,80.0%
Python开发工程师,上海,MongoDB,8,12.1%
Python开发工程师,北京,LangChain,8,8.7%
Python开发工程师,南京,Flask,8,42.1%
Python开发工程师,广州,FastAPI,8,24.2%
Python开发工程师,广州,Git,8,24.2%
Python开发工程师,广州,PostgreSQL,8,24.2%
Python开发工程师,成都,Docker,8,25.0%
Python开发工程师,武汉,Flask,8,42.1%
Python开发工程师,深圳,Pandas,8,9.4%
Python开发工程师,西安,Redis,8,17.8%
大数据开发工程师,上海,MySQL,8,25.8%
大数据开发工程师,北京,ClickHouse,8,15.1%
大数据开发工程师,南京,Kafka,8,42.1%
大数据开发工程师,广州,HBase,8,22.9%
大数据开发工程师,广州,Oracle,8,22.9%
大数据开发工程师,成都,Flink,8,57.1%
大数据开发工程师,成都,Hive,8,57.1%
大数据开发工程师,成都,Kafka,8,57.1%
大数据开发工程师,成都,Spark,8,57.1%
大数据开发工程师,成都,数据仓库,8,57.1%
大数据开发工程师,武汉,Java,8,40.0%
大数据开发工程师,武汉,Kafka,8,40.0%
大数据开发工程师,武汉,Python,8,40.0%
大数据开发工程师,深圳,Linux,8,18.6%
大数据开发工程师,西安,Kafka,8,26.7%
大数据开发工程师,重庆,Spark,8,72.7%
数据仓库工程师,上海,SQL,8,100.0%
数据分析师,上海,Hadoop,8,4.4%
数据分析师,南京,Power BI,8,13.3%
数据分析师,广州,FineBI,8,5.7%
数据分析师,广州,数据建模,8,5.7%
数据分析师,成都,MySQL,8,8.9%
数据分析师,成都,数据挖掘,8,8.9%
数据分析师,杭州,数据挖掘,8,9.4%
数据分析师,杭州,统计分析,8,9.4%
数据分析师,武汉,Spark,8,12.1%
数据分析师,西安,数据可视化,8,14.0%
数据分析师,西安,统计分析,8,14.0%
数据分析师,重庆,数据挖掘,8,20.5%
数据开发工程师,北京,Doris,8,11.8%
数据开发工程师,广州,DataX,8,19.5%
数据开发工程师,成都,ETL,8,27.6%
数据开发工程师,成都,Spark,8,27.6%
数据开发工程师,杭州,Hadoop,8,22.9%
数据开发工程师,杭州,MySQL,8,22.9%
数据开发工程师,武汉,Flink,8,24.2%
数据开发工程师,武汉,Python,8,24.2%
数据开发工程师,深圳,Spark SQL,8,13.8%
数据开发工程师,重庆,Python,8,42.1%
机器学习工程师,上海,PyTorch,8,61.5%
机器学习工程师,上海,机器学习,8,61.5%
机器学习工程师,北京,TensorFlow,8,50.0%
机器学习工程师,北京,深度学习,8,50.0%
算法工程师,北京,Flink,8,1.4%
算法工程师,北京,Scala,8,1.4%
算法工程师,北京,统计分析,8,1.4%
算法工程师,南京,Pandas,8,3.3%
算法工程师,南京,统计分析,8,3.3%
算法工程师,广州,SQL,8,2.4%
算法工程师,成都,数据挖掘,8,3.1%
算法工程师,杭州,Git,8,2.3%
算法工程师,武汉,NumPy,8,3.2%
算法工程师,武汉,统计分析,8,3.2%
算法工程师,西安,Pandas,8,4.8%
算法工程师,重庆,Docker,8,6.6%
BI分析师,上海,Power BI,7,70.0%
Python开发工程师,上海,大语言模型,7,10.6%
Python开发工程师,北京,CSS,7,7.6%
Python开发工程师,北京,HTML,7,7.6%
Python开发工程师,南京,MySQL,7,36.8%
Python开发工程师,成都,PostgreSQL,7,21.9%
Python开发工程师,成都,大语言模型,7,21.9%
Python开发工程师,杭州,大语言模型,7,28.0%
Python开发工程师,武汉,Git,7,36.8%
Python开发工程师,武汉,Linux,7,36.8%
Python开发工程师,深圳,大语言模型,7,8.2%
Python开发工程师,西安,Docker,7,15.6%
Python开发工程师,西安,FastAPI,7,15.6%
Python开发工程师,西安,PostgreSQL,7,15.6%
Python开发工程师,重庆,Flask,7,58.3%
大数据开发工程师,上海,ETL,7,22.6%
大数据开发工程师,北京,Doris,7,13.2%
大数据开发工程师,北京,PostgreSQL,7,13.2%
大数据开发工程师,北京,机器学习,7,13.2%
大数据开发工程师,南京,Python,7,36.8%
大数据开发工程师,广州,Linux,7,20.0%
大数据开发工程师,广州,PostgreSQL,7,20.0%
大数据开发工程师,成都,Python,7,50.0%
大数据开发工程师,成都,SQL,7,50.0%
大数据开发工程师,成都,数据治理,7,50.0%
大数据开发工程师,武汉,Flink,7,35.0%
大数据开发工程师,武汉,Scala,7,35.0%
大数据开发工程师,武汉,数据治理,7,35.0%
大数据开发工程师,深圳,ClickHouse,7,16.3%
大数据开发工程师,深圳,数据治理,7,16.3%
大数据开发工程师,重庆,Hadoop,7,63.6%
大数据开发工程师,重庆,Java,7,63.6%
数据分析师,上海,ERP,7,3.9%
数据分析师,上海,Oracle,7,3.9%
数据分析师,北京,ETL,7,3.9%
数据分析师,北京,Java,7,3.9%
数据分析师,北京,SAS,7,3.9%
数据分析师,北京,大语言模型,7,3.9%
数据分析师,北京,深度学习,7,3.9%
数据分析师,南京,Pandas,7,11.7%
数据分析师,南京,PyTorch,7,11.7%
数据分析师,南京,数据挖掘,7,11.7%
数据分析师,广州,C++,7,5.0%
数据分析师,广州,Hive,7,5.0%
数据分析师,成都,FineBI,7,7.8%
数据分析师,武汉,统计分析,7,10.6%
数据分析师,深圳,BI,7,6.4%
数据分析师,深圳,FineBI,7,6.4%
数据分析师,深圳,Hive,7,6.4%
数据分析师,西安,机器学习,7,12.3%
数据分析师,重庆,Tableau,7,17.9%
数据开发工程师,上海,PostgreSQL,7,8.5%
数据开发工程师,上海,Power BI,7,8.5%
数据开发工程师,北京,Kettle,7,10.3%
数据开发工程师,北京,PostgreSQL,7,10.3%
数据开发工程师,南京,ETL,7,20.0%
数据开发工程师,成都,Flink,7,24.1%
数据开发工程师,成都,数据建模,7,24.1%
数据开发工程师,杭州,Hive,7,20.0%
数据开发工程师,武汉,Hadoop,7,21.2%
数据开发工程师,武汉,数据建模,7,21.2%
数据开发工程师,深圳,Linux,7,12.1%
数据开发工程师,重庆,Flink,7,36.8%
数据开发工程师,重庆,Hadoop,7,36.8%
数据开发工程师,重庆,Java,7,36.8%
数据开发工程师,重庆,数据建模,7,36.8%
机器学习工程师,杭州,机器学习,7,87.5%
机器学习工程师,深圳,Python,7,70.0%
算法工程师,南京,R,7,2.9%
算法工程师,杭州,scikit-learn,7,2.0%
算法工程师,武汉,Docker,7,2.8%
算法工程师,武汉,LangChain,7,2.8%
算法工程师,武汉,RAG,7,2.8%
算法工程师,西安,NumPy,7,4.2%
Python开发工程师,上海,Java,6,9.1%
Python开发工程师,上海,Pandas,6,9.1%
Python开发工程师,北京,JavaScript,6,6.5%
Python开发工程师,南京,FastAPI,6,31.6%
Python开发工程师,南京,Linux,6,31.6%
Python开发工程师,广州,Pandas,6,18.2%
Python开发工程师,成都,RAG,6,18.8%
Python开发工程师,成都,SQL,6,18.8%
Python开发工程师,杭州,FastAPI,6,24.0%
Python开发工程师,杭州,Redis,6,24.0%
Python开发工程师,武汉,SQL,6,31.6%
Python开发工程师,西安,Pandas,6,13.3%
Python开发工程师,西安,大语言模型,6,13.3%
Python开发工程师,重庆,Git,6,50.0%
Python开发工程师,重庆,MySQL,6,50.0%
大数据开发工程师,上海,Oracle,6,19.4%
大数据开发工程师,上海,Scala,6,19.4%
大数据开发工程师,北京,Redis,6,11.3%
大数据开发工程师,北京,大语言模型,6,11.3%
大数据开发工程师,南京,数据治理,6,31.6%
大数据开发工程师,成都,Linux,6,42.9%
大数据开发工程师,杭州,Flink,6,60.0%
大数据开发工程师,杭州,Hive,6,60.0%
大数据开发工程师,杭州,SQL,6,60.0%
大数据开发工程师,杭州,Spark,6,60.0%
大数据开发工程师,杭州,数据仓库,6,60.0%
大数据开发工程师,武汉,HBase,6,30.0%
大数据开发工程师,深圳,HBase,6,14.0%
大数据开发工程师,深圳,SQL Server,6,14.0%
大数据开发工程师,重庆,Kafka,6,54.5%
大数据开发工程师,重庆,Linux,6,54.5%
大数据开发工程师,重庆,Python,6,54.5%
大数据开发工程师,重庆,SQL,6,54.5%
数据仓库工程师,上海,ETL,6,75.0%
数据仓库工程师,上海,数据仓库,6,75.0%
数据分析师,上海,scikit-learn,6,3.3%
数据分析师,北京,Flink,6,3.3%
数据分析师,北京,Linux,6,3.3%
数据分析师,北京,NLP,6,3.3%
数据分析师,北京,SPSS,6,3.3%
数据分析师,南京,MySQL,6,10.0%
数据分析师,南京,NumPy,6,10.0%
数据分析师,南京,TensorFlow,6,10.0%
数据分析师,南京,scikit-learn,6,10.0%
数据分析师,广州,ERP,6,4.3%
数据分析师,广州,深度学习,6,4.3%
数据分析师,成都,NumPy,6,6.7%
数据分析师,成都,数据仓库,6,6.7%
数据分析师,杭州,FineBI,6,7.1%
数据分析师,武汉,深度学习,6,9.1%
数据分析师,深圳,NumPy,6,5.5%
数据分析师,西安,Power BI,6,10.5%
数据分析师,重庆,NumPy,6,15.4%
数据分析师,重庆,Pandas,6,15.4%
数据分析师,重庆,Power BI,6,15.4%
数据分析师,重庆,数据可视化,6,15.4%
数据开发工程师,上海,Airflow,6,7.3%
数据开发工程师,上海,C++,6,7.3%
数据开发工程师,上海,Elasticsearch,6,7.3%
数据开发工程师,上海,FineBI,6,7.3%
数据开发工程师,上海,MongoDB,6,7.3%
数据开发工程师,上海,Redis,6,7.3%
数据开发工程师,北京,SQL Server,6,8.8%
数据开发工程师,北京,Scala,6,8.8%
数据开发工程师,北京,数据挖掘,6,8.8%
数据开发工程师,南京,Java,6,17.1%
数据开发工程师,南京,Linux,6,17.1%
数据开发工程师,南京,数据治理,6,17.1%
数据开发工程师,广州,Doris,6,14.6%
数据开发工程师,广州,Kafka,6,14.6%
数据开发工程师,广州,Kettle,6,14.6%
数据开发工程师,广州,Scala,6,14.6%
数据开发工程师,成都,Hive,6,20.7%
数据开发工程师,杭州,Linux,6,17.1%
数据开发工程师,武汉,Linux,6,18.2%
数据开发工程师,西安,HBase,6,22.2%
数据开发工程师,西安,Hadoop,6,22.2%
数据开发工程师,西安,Kafka,6,22.2%
数据开发工程师,西安,Oracle,6,22.2%
数据开发工程师,西安,Scala,6,22.2%
数据开发工程师,重庆,ETL,6,31.6%
数据开发工程师,重庆,Hive,6,31.6%
机器学习工程师,上海,深度学习,6,46.2%
机器学习工程师,广州,Python,6,100.0%
机器学习工程师,杭州,Python,6,75.0%
算法工程师,上海,MySQL,6,0.9%
算法工程师,北京,Kubernetes,6,1.1%
算法工程师,北京,PostgreSQL,6,1.1%
算法工程师,北京,Redis,6,1.1%
算法工程师,南京,Prompt Engineering,6,2.5%
算法工程师,南京,数据建模,6,2.5%
算法工程师,广州,FastAPI,6,1.8%
算法工程师,广州,Prompt Engineering,6,1.8%
算法工程师,广州,推荐算法,6,1.8%
算法工程师,杭州,Prompt Engineering,6,1.7%
算法工程师,武汉,scikit-learn,6,2.4%
算法工程师,深圳,Spark,6,0.9%
算法工程师,深圳,scikit-learn,6,0.9%
算法工程师,西安,推荐算法,6,3.6%
BI分析师,上海,数据仓库,5,50.0%
Python开发工程师,上海,机器学习,5,7.6%
Python开发工程师,北京,Kafka,5,5.4%
Python开发工程师,北京,NLP,5,5.4%
Python开发工程师,南京,Django,5,26.3%
Python开发工程师,南京,Git,5,26.3%
Python开发工程师,广州,PyTorch,5,15.2%
Python开发工程师,广州,SQLAlchemy,5,15.2%
Python开发工程师,成都,Django,5,15.6%
Python开发工程师,成都,Kubernetes,5,15.6%
Python开发工程师,杭州,LangChain,5,20.0%
Python开发工程师,武汉,Django,5,26.3%
Python开发工程师,武汉,Docker,5,26.3%
Python开发工程师,武汉,FastAPI,5,26.3%
Python开发工程师,武汉,MySQL,5,26.3%
Python开发工程师,深圳,C++,5,5.9%
Python开发工程师,深圳,Java,5,5.9%
Python开发工程师,深圳,NumPy,5,5.9%
Python开发工程师,深圳,PyTorch,5,5.9%
Python开发工程师,深圳,TensorFlow,5,5.9%
Python开发工程师,深圳,机器学习,5,5.9%
Python开发工程师,西安,Java,5,11.1%
Python开发工程师,西安,MongoDB,5,11.1%
Python开发工程师,西安,Oracle,5,11.1%
Python开发工程师,西安,PyTorch,5,11.1%
Python开发工程师,重庆,FastAPI,5,41.7%
Python开发工程师,重庆,SQL,5,41.7%
大数据开发工程师,上海,数据可视化,5,16.1%
大数据开发工程师,上海,数据建模,5,16.1%
大数据开发工程师,北京,Sqoop,5,9.4%
大数据开发工程师,北京,数据挖掘,5,9.4%
大数据开发工程师,南京,ETL,5,26.3%
大数据开发工程师,南京,MySQL,5,26.3%
大数据开发工程师,南京,Scala,5,26.3%
大数据开发工程师,南京,数据建模,5,26.3%
大数据开发工程师,广州,Doris,5,14.3%
大数据开发工程师,广州,Spring Boot,5,14.3%
大数据开发工程师,成都,HBase,5,35.7%
大数据开发工程师,成都,Redis,5,35.7%
大数据开发工程师,杭州,Hadoop,5,50.0%
大数据开发工程师,杭州,Java,5,50.0%
大数据开发工程师,杭州,Python,5,50.0%
大数据开发工程师,武汉,ETL,5,25.0%
大数据开发工程师,武汉,Oracle,5,25.0%
大数据开发工程师,深圳,Doris,5,11.6%
大数据开发工程师,深圳,PostgreSQL,5,11.6%
大数据开发工程师,深圳,StarRocks,5,11.6%
大数据开发工程师,西安,Redis,5,16.7%
大数据开发工程师,重庆,Flink,5,45.5%
数据仓库工程师,上海,Hive,5,62.5%
数据仓库工程师,上海,Java,5,62.5%
数据仓库工程师,上海,Python,5,62.5%
数据仓库工程师,上海,数据治理,5,62.5%
数据仓库工程师,成都,Flink,5,100.0%
数据仓库工程师,成都,Hadoop,5,100.0%
数据仓库工程师,成都,Hive,5,100.0%
数据仓库工程师,成都,Python,5,100.0%
数据仓库工程师,成都,SQL,5,100.0%
数据仓库工程师,成都,Spark,5,100.0%
数据仓库工程师,成都,数据仓库,5,100.0%
数据仓库工程师,深圳,数据仓库,5,100.0%
数据分析师,上海,Hive,5,2.8%
数据分析师,上海,SAS,5,2.8%
数据分析师,上海,SPSS,5,2.8%
数据分析师,上海,深度学习,5,2.8%
数据分析师,北京,C++,5,2.8%
数据分析师,南京,FineBI,5,8.3%
数据分析师,南京,深度学习,5,8.3%
数据分析师,广州,MATLAB,5,3.5%
数据分析师,广州,Spark,5,3.5%
数据分析师,广州,scikit-learn,5,3.5%
数据分析师,广州,数据治理,5,3.5%
数据分析师,成都,大语言模型,5,5.6%
数据分析师,杭州,NumPy,5,5.9%
数据分析师,杭州,Pandas,5,5.9%
数据分析师,杭州,数据仓库,5,5.9%
数据分析师,杭州,数据建模,5,5.9%
数据分析师,杭州,机器学习,5,5.9%
数据分析师,武汉,数据仓库,5,7.6%
数据分析师,深圳,Hadoop,5,4.6%
数据分析师,深圳,SPSS,5,4.6%
数据分析师,西安,Tableau,5,8.8%
数据分析师,西安,数据仓库,5,8.8%
数据分析师,西安,数据建模,5,8.8%
数据分析师,重庆,数据建模,5,12.8%
数据分析师,重庆,机器学习,5,12.8%
数据开发工程师,上海,Doris,5,6.1%
数据开发工程师,上海,FineReport,5,6.1%
数据开发工程师,上海,数据可视化,5,6.1%
数据开发工程师,上海,机器学习,5,6.1%
数据开发工程师,北京,Spark SQL,5,7.4%
数据开发工程师,北京,数据可视化,5,7.4%
数据开发工程师,成都,Linux,5,17.2%
数据开发工程师,成都,MySQL,5,17.2%
数据开发工程师,成都,Oracle,5,17.2%
数据开发工程师,成都,数据治理,5,17.2%
数据开发工程师,武汉,Kafka,5,15.2%
数据开发工程师,深圳,ClickHouse,5,8.6%
数据开发工程师,深圳,Scala,5,8.6%
数据开发工程师,西安,Linux,5,18.5%
数据开发工程师,重庆,Linux,5,26.3%
数据开发工程师,重庆,MySQL,5,26.3%
数据开发工程师,重庆,Oracle,5,26.3%
机器学习工程师,上海,TensorFlow,5,38.5%
机器学习工程师,北京,C++,5,31.2%
机器学习工程师,成都,Python,5,100.0%
机器学习工程师,深圳,深度学习,5,50.0%
算法工程师,上海,FastAPI,5,0.7%
算法工程师,广州,Git,5,1.5%
算法工程师,广州,Kubernetes,5,1.5%
算法工程师,广州,Spark,5,1.5%
算法工程师,成都,NumPy,5,1.9%
算法工程师,杭州,R,5,1.4%
算法工程师,杭州,SQL,5,1.4%
算法工程师,武汉,Git,5,2.0%
算法工程师,武汉,Kubernetes,5,2.0%
算法工程师,武汉,Spark,5,2.0%
算法工程师,武汉,数据建模,5,2.0%
算法工程师,西安,Docker,5,3.0%
算法工程师,西安,数据挖掘,5,3.0%
算法工程师,重庆,Git,5,4.1%
算法工程师,重庆,NumPy,5,4.1%
算法工程师,重庆,Pandas,5,4.1%
算法工程师,重庆,Prompt Engineering,5,4.1%
算法工程师,重庆,SQL,5,4.1%
算法工程师,重庆,scikit-learn,5,4.1%
算法工程师,重庆,数据挖掘,5,4.1%
BI分析师,上海,ETL,4,40.0%
BI分析师,上海,Python,4,40.0%
BI分析师,上海,Tableau,4,40.0%
BI分析师,北京,Power BI,4,100.0%
BI分析师,广州,SQL,4,80.0%
Python开发工程师,上海,NumPy,4,6.1%
Python开发工程师,上海,PyTorch,4,6.1%
Python开发工程师,上海,RAG,4,6.1%
Python开发工程师,上海,SQLAlchemy,4,6.1%
Python开发工程师,上海,TensorFlow,4,6.1%
Python开发工程师,北京,Matplotlib,4,4.3%
Python开发工程师,北京,Oracle,4,4.3%
Python开发工程师,北京,React,4,4.3%
Python开发工程师,北京,SQLAlchemy,4,4.3%
Python开发工程师,北京,Vue,4,4.3%
Python开发工程师,南京,NumPy,4,21.1%
Python开发工程师,南京,PyTorch,4,21.1%
Python开发工程师,南京,深度学习,4,21.1%
Python开发工程师,广州,Django,4,12.1%
Python开发工程师,广州,Kubernetes,4,12.1%
Python开发工程师,广州,LangChain,4,12.1%
Python开发工程师,成都,Java,4,12.5%
Python开发工程师,杭州,Django,4,16.0%
Python开发工程师,杭州,Docker,4,16.0%
Python开发工程师,杭州,Git,4,16.0%
Python开发工程师,杭州,Java,4,16.0%
Python开发工程师,杭州,Prompt Engineering,4,16.0%
Python开发工程师,杭州,RAG,4,16.0%
Python开发工程师,杭州,深度学习,4,16.0%
Python开发工程师,武汉,Pandas,4,21.1%
Python开发工程师,深圳,Kafka,4,4.7%
Python开发工程师,深圳,Kubernetes,4,4.7%
Python开发工程师,西安,TensorFlow,4,8.9%
Python开发工程师,西安,机器学习,4,8.9%
Python开发工程师,重庆,Docker,4,33.3%
Python开发工程师,重庆,Linux,4,33.3%
大数据开发工程师,北京,Flask,4,7.5%
大数据开发工程师,北京,JavaScript,4,7.5%
大数据开发工程师,北京,MongoDB,4,7.5%
大数据开发工程师,北京,Spring Boot,4,7.5%
大数据开发工程师,南京,Oracle,4,21.1%
大数据开发工程师,成都,ETL,4,28.6%
大数据开发工程师,成都,Scala,4,28.6%
大数据开发工程师,杭州,ETL,4,40.0%
大数据开发工程师,杭州,Kafka,4,40.0%
大数据开发工程师,武汉,MySQL,4,20.0%
大数据开发工程师,武汉,Sqoop,4,20.0%
大数据开发工程师,深圳,Spring Boot,4,9.3%
大数据开发工程师,深圳,大语言模型,4,9.3%
大数据开发工程师,深圳,机器学习,4,9.3%
大数据开发工程师,西安,ClickHouse,4,13.3%
大数据开发工程师,重庆,Docker,4,36.4%
大数据开发工程师,重庆,ETL,4,36.4%
大数据开发工程师,重庆,Hive,4,36.4%
大数据开发工程师,重庆,MySQL,4,36.4%
大数据开发工程师,重庆,Redis,4,36.4%
大数据开发工程师,重庆,Scala,4,36.4%
大数据开发工程师,重庆,数据仓库,4,36.4%
数据仓库工程师,上海,数据建模,4,50.0%
数据仓库工程师,北京,数据仓库,4,100.0%
数据仓库工程师,广州,ETL,4,100.0%
数据仓库工程师,广州,SQL,4,100.0%
数据仓库工程师,成都,Hive SQL,4,80.0%
数据仓库工程师,深圳,SQL,4,80.0%
数据分析师,上海,ETL,4,2.2%
数据分析师,上海,VBA,4,2.2%
数据分析师,北京,BI,4,2.2%
数据分析师,南京,C++,4,6.7%
数据分析师,南京,Oracle,4,6.7%
数据分析师,南京,大语言模型,4,6.7%
数据分析师,广州,Java,4,2.8%
数据分析师,广州,Oracle,4,2.8%
数据分析师,广州,数据仓库,4,2.8%
数据分析师,成都,Java,4,4.4%
数据分析师,成都,Matplotlib,4,4.4%
数据分析师,成都,TensorFlow,4,4.4%
数据分析师,成都,scikit-learn,4,4.4%
数据分析师,杭州,Hive,4,4.7%
数据分析师,杭州,Java,4,4.7%
数据分析师,武汉,MATLAB,4,6.1%
数据分析师,深圳,ERP,4,3.7%
数据分析师,深圳,ETL,4,3.7%
数据分析师,深圳,MySQL,4,3.7%
数据分析师,深圳,TensorFlow,4,3.7%
数据分析师,深圳,scikit-learn,4,3.7%
数据分析师,西安,BI,4,7.0%
数据分析师,西安,Pandas,4,7.0%
数据分析师,西安,数据挖掘,4,7.0%
数据开发工程师,上海,Kettle,4,4.9%
数据开发工程师,上海,SQL Server,4,4.9%
数据开发工程师,北京,Flume,4,5.9%
数据开发工程师,北京,数据湖,4,5.9%
数据开发工程师,北京,机器学习,4,5.9%
数据开发工程师,南京,SQL Server,4,11.4%
数据开发工程师,南京,数据建模,4,11.4%
数据开发工程师,广州,Airflow,4,9.8%
数据开发工程师,广州,HBase,4,9.8%
数据开发工程师,广州,PostgreSQL,4,9.8%
数据开发工程师,广州,SQL Server,4,9.8%
数据开发工程师,成都,NumPy,4,13.8%
数据开发工程师,成都,Pandas,4,13.8%
数据开发工程师,成都,Power BI,4,13.8%
数据开发工程师,成都,Scala,4,13.8%
数据开发工程师,杭州,Kafka,4,11.4%
数据开发工程师,武汉,HBase,4,12.1%
数据开发工程师,深圳,Airflow,4,6.9%
数据开发工程师,深圳,DataX,4,6.9%
数据开发工程师,深圳,Doris,4,6.9%
数据开发工程师,深圳,Git,4,6.9%
数据开发工程师,深圳,HBase,4,6.9%
数据开发工程师,深圳,Hive SQL,4,6.9%
数据开发工程师,深圳,PostgreSQL,4,6.9%
数据开发工程师,深圳,数据可视化,4,6.9%
数据开发工程师,深圳,数据挖掘,4,6.9%
数据开发工程师,深圳,机器学习,4,6.9%
数据开发工程师,西安,Doris,4,14.8%
数据开发工程师,西安,数据治理,4,14.8%
数据开发工程师,重庆,大语言模型,4,21.1%
数据开发工程师,重庆,数据治理,4,21.1%
机器学习工程师,上海,C++,4,30.8%
机器学习工程师,上海,scikit-learn,4,30.8%
机器学习工程师,成都,机器学习,4,80.0%
机器学习工程师,杭州,PyTorch,4,50.0%
机器学习工程师,西安,Python,4,100.0%
算法工程师,上海,Kubernetes,4,0.6%
算法工程师,上海,Redis,4,0.6%
算法工程师,上海,Scala,4,0.6%
算法工程师,北京,MaxCompute,4,0.7%
算法工程师,北京,数据仓库,4,0.7%
算法工程师,北京,数据治理,4,0.7%
算法工程师,南京,MySQL,4,1.6%
算法工程师,南京,Spark,4,1.6%
算法工程师,南京,scikit-learn,4,1.6%
算法工程师,成都,LangChain,4,1.6%
算法工程师,成都,Prompt Engineering,4,1.6%
算法工程师,成都,统计分析,4,1.6%
算法工程师,杭州,Docker,4,1.1%
算法工程师,杭州,Hadoop,4,1.1%
算法工程师,杭州,React,4,1.1%
算法工程师,杭州,Transformers,4,1.1%
算法工程师,杭州,数据建模,4,1.1%
算法工程师,武汉,数据挖掘,4,1.6%
算法工程师,武汉,阿里云,4,1.6%
算法工程师,深圳,ERP,4,0.6%
算法工程师,深圳,Kubernetes,4,0.6%
算法工程师,深圳,MySQL,4,0.6%
算法工程师,深圳,数据治理,4,0.6%
算法工程师,西安,LangChain,4,2.4%
算法工程师,重庆,Flask,4,3.3%
算法工程师,重庆,LangChain,4,3.3%
BI分析师,上海,数据可视化,3,30.0%
BI分析师,北京,ETL,3,75.0%
BI分析师,北京,数据可视化,3,75.0%
BI分析师,北京,数据建模,3,75.0%
Python开发工程师,上海,Elasticsearch,3,4.5%
Python开发工程师,上海,IP,3,4.5%
Python开发工程师,上海,Kubernetes,3,4.5%
Python开发工程师,上海,LangChain,3,4.5%
Python开发工程师,上海,Oracle,3,4.5%
Python开发工程师,上海,TCP,3,4.5%
Python开发工程师,北京,Elasticsearch,3,3.3%
Python开发工程师,北京,MATLAB,3,3.3%
Python开发工程师,北京,Nginx,3,3.3%
Python开发工程师,北京,Prompt Engineering,3,3.3%
Python开发工程师,北京,Spark,3,3.3%
Python开发工程师,北京,数据建模,3,3.3%
Python开发工程师,南京,Docker,3,15.8%
Python开发工程师,南京,MongoDB,3,15.8%
Python开发工程师,南京,Pandas,3,15.8%
Python开发工程师,南京,PostgreSQL,3,15.8%
Python开发工程师,南京,SQL,3,15.8%
Python开发工程师,南京,TensorFlow,3,15.8%
Python开发工程师,南京,大语言模型,3,15.8%
Python开发工程师,广州,ERP,3,9.1%
Python开发工程师,广州,JavaScript,3,9.1%
Python开发工程师,广州,Kafka,3,9.1%
Python开发工程师,广州,Nginx,3,9.1%
Python开发工程师,广州,NumPy,3,9.1%
Python开发工程师,广州,TensorFlow,3,9.1%
Python开发工程师,广州,机器学习,3,9.1%
Python开发工程师,广州,深度学习,3,9.1%
Python开发工程师,成都,C++,3,9.4%
Python开发工程师,成都,SQLAlchemy,3,9.4%
Python开发工程师,杭州,PostgreSQL,3,12.0%
Python开发工程师,武汉,Kubernetes,3,15.8%
Python开发工程师,武汉,NumPy,3,15.8%
Python开发工程师,武汉,PostgreSQL,3,15.8%
Python开发工程师,武汉,Redis,3,15.8%
Python开发工程师,武汉,大语言模型,3,15.8%
Python开发工程师,深圳,ERP,3,3.5%
Python开发工程师,深圳,Jenkins,3,3.5%
Python开发工程师,深圳,Oracle,3,3.5%
Python开发工程师,西安,C++,3,6.7%
Python开发工程师,西安,Jenkins,3,6.7%
Python开发工程师,西安,Kafka,3,6.7%
Python开发工程师,西安,Vue,3,6.7%
Python开发工程师,西安,数据仓库,3,6.7%
Python开发工程师,西安,深度学习,3,6.7%
Python开发工程师,重庆,Pandas,3,25.0%
大数据开发工程师,上海,ClickHouse,3,9.7%
大数据开发工程师,上海,PostgreSQL,3,9.7%
大数据开发工程师,北京,Elasticsearch,3,5.7%
大数据开发工程师,南京,Hive SQL,3,15.8%
大数据开发工程师,南京,Redis,3,15.8%
大数据开发工程师,广州,ClickHouse,3,8.6%
大数据开发工程师,广州,Elasticsearch,3,8.6%
大数据开发工程师,广州,Hive SQL,3,8.6%
大数据开发工程师,广州,Redis,3,8.6%
大数据开发工程师,广州,Spark SQL,3,8.6%
大数据开发工程师,广州,数据湖,3,8.6%
大数据开发工程师,成都,ClickHouse,3,21.4%
大数据开发工程师,成都,Doris,3,21.4%
大数据开发工程师,成都,MySQL,3,21.4%
大数据开发工程师,成都,数据建模,3,21.4%
大数据开发工程师,杭州,HBase,3,30.0%
大数据开发工程师,杭州,Scala,3,30.0%
大数据开发工程师,武汉,Docker,3,15.0%
大数据开发工程师,深圳,Airflow,3,7.0%
大数据开发工程师,深圳,Hive SQL,3,7.0%
大数据开发工程师,深圳,Spark SQL,3,7.0%
大数据开发工程师,深圳,数据湖,3,7.0%
大数据开发工程师,深圳,统计分析,3,7.0%
大数据开发工程师,西安,MySQL,3,10.0%
大数据开发工程师,西安,Oracle,3,10.0%
大数据开发工程师,西安,数据挖掘,3,10.0%
大数据开发工程师,西安,数据治理,3,10.0%
大数据开发工程师,重庆,DataX,3,27.3%
大数据开发工程师,重庆,HBase,3,27.3%
大数据开发工程师,重庆,Kubernetes,3,27.3%
大数据开发工程师,重庆,PostgreSQL,3,27.3%
大数据开发工程师,重庆,Sqoop,3,27.3%
大数据开发工程师,重庆,数据建模,3,27.3%
数据仓库工程师,上海,MySQL,3,37.5%
数据仓库工程师,上海,Spark,3,37.5%
数据仓库工程师,上海,数据可视化,3,37.5%
数据仓库工程师,北京,Hive,3,75.0%
数据仓库工程师,北京,Python,3,75.0%
数据仓库工程师,北京,SQL,3,75.0%
数据仓库工程师,广州,Java,3,75.0%
数据仓库工程师,广州,Python,3,75.0%
数据仓库工程师,成都,ETL,3,60.0%
数据仓库工程师,成都,HBase,3,60.0%
数据仓库工程师,成都,Kettle,3,60.0%
数据仓库工程师,成都,Linux,3,60.0%
数据仓库工程师,成都,MySQL,3,60.0%
数据仓库工程师,成都,Oracle,3,60.0%
数据仓库工程师,成都,Spark SQL,3,60.0%
数据仓库工程师,成都,数据建模,3,60.0%
数据仓库工程师,深圳,ClickHouse,3,60.0%
数据仓库工程师,深圳,Hadoop,3,60.0%
数据仓库工程师,深圳,Hive,3,60.0%
数据仓库工程师,深圳,Kafka,3,60.0%
数据仓库工程师,深圳,Spark,3,60.0%
数据仓库工程师,深圳,数据建模,3,60.0%
数据分析师,上海,BI,3,1.7%
数据分析师,上海,C++,3,1.7%
数据分析师,上海,Linux,3,1.7%
数据分析师,上海,MATLAB,3,1.7%
数据分析师,上海,大语言模型,3,1.7%
数据分析师,北京,ERP,3,1.7%
数据分析师,北京,HBase,3,1.7%
数据分析师,北京,MATLAB,3,1.7%
数据分析师,北京,Prompt Engineering,3,1.7%
数据分析师,北京,Quick BI,3,1.7%
数据分析师,北京,SQL Server,3,1.7%
数据分析师,北京,scikit-learn,3,1.7%
数据分析师,南京,ClickHouse,3,5.0%
数据分析师,南京,ETL,3,5.0%
数据分析师,南京,Hive,3,5.0%
数据分析师,南京,Hive SQL,3,5.0%
数据分析师,南京,Java,3,5.0%
数据分析师,南京,MATLAB,3,5.0%
数据分析师,南京,SAS,3,5.0%
数据分析师,南京,Spark,3,5.0%
数据分析师,南京,数据仓库,3,5.0%
数据分析师,南京,数据治理,3,5.0%
数据分析师,广州,Hadoop,3,2.1%
数据分析师,广州,PyTorch,3,2.1%
数据分析师,广州,SAS,3,2.1%
数据分析师,广州,TensorFlow,3,2.1%
数据分析师,成都,Docker,3,3.3%
数据分析师,成都,ERP,3,3.3%
数据分析师,成都,PostgreSQL,3,3.3%
数据分析师,成都,PyTorch,3,3.3%
数据分析师,成都,Spark,3,3.3%
数据分析师,成都,数据治理,3,3.3%
数据分析师,成都,深度学习,3,3.3%
数据分析师,杭州,ETL,3,3.5%
数据分析师,杭州,Hadoop,3,3.5%
数据分析师,杭州,Spark,3,3.5%
数据分析师,杭州,大语言模型,3,3.5%
数据分析师,杭州,深度学习,3,3.5%
数据分析师,武汉,FineBI,3,4.5%
数据分析师,武汉,Hive SQL,3,4.5%
数据分析师,武汉,Java,3,4.5%
数据分析师,武汉,MySQL,3,4.5%
数据分析师,武汉,SAS,3,4.5%
数据分析师,武汉,SPSS,3,4.5%
数据分析师,武汉,Scala,3,4.5%
数据分析师,武汉,数据挖掘,3,4.5%
数据分析师,深圳,Matplotlib,3,2.8%
数据分析师,深圳,大语言模型,3,2.8%
数据分析师,深圳,深度学习,3,2.8%
数据分析师,西安,MySQL,3,5.3%
数据分析师,西安,Spark,3,5.3%
数据分析师,重庆,Spark,3,7.7%
数据分析师,重庆,scikit-learn,3,7.7%
数据开发工程师,上海,DataX,3,3.7%
数据开发工程师,上海,Spring Boot,3,3.7%
数据开发工程师,上海,数据湖,3,3.7%
数据开发工程师,上海,深度学习,3,3.7%
数据开发工程师,北京,C++,3,4.4%
数据开发工程师,北京,ClickHouse,3,4.4%
数据开发工程师,北京,Hive SQL,3,4.4%
数据开发工程师,北京,MaxCompute,3,4.4%
数据开发工程师,北京,Spring Boot,3,4.4%
数据开发工程师,北京,统计分析,3,4.4%
数据开发工程师,南京,Flink,3,8.6%
数据开发工程师,南京,Hive SQL,3,8.6%
数据开发工程师,南京,Kafka,3,8.6%
数据开发工程师,南京,Kettle,3,8.6%
数据开发工程师,南京,PostgreSQL,3,8.6%
数据开发工程师,南京,大语言模型,3,8.6%
数据开发工程师,广州,BI,3,7.3%
数据开发工程师,广州,ClickHouse,3,7.3%
数据开发工程师,广州,FineBI,3,7.3%
数据开发工程师,广州,NumPy,3,7.3%
数据开发工程师,广州,Pandas,3,7.3%
数据开发工程师,广州,Tableau,3,7.3%
数据开发工程师,广州,华为云,3,7.3%
数据开发工程师,广州,大语言模型,3,7.3%
数据开发工程师,成都,BI,3,10.3%
数据开发工程师,成都,FineBI,3,10.3%
数据开发工程师,成都,Quick BI,3,10.3%
数据开发工程师,成都,Tableau,3,10.3%
数据开发工程师,成都,大语言模型,3,10.3%
数据开发工程师,成都,阿里云,3,10.3%
数据开发工程师,杭州,BI,3,8.6%
数据开发工程师,杭州,Doris,3,8.6%
数据开发工程师,杭州,HBase,3,8.6%
数据开发工程师,杭州,StarRocks,3,8.6%
数据开发工程师,杭州,大语言模型,3,8.6%
数据开发工程师,杭州,阿里云,3,8.6%
数据开发工程师,武汉,Kettle,3,9.1%
数据开发工程师,武汉,数据湖,3,9.1%
数据开发工程师,深圳,Kettle,3,5.2%
数据开发工程师,深圳,Power BI,3,5.2%
数据开发工程师,深圳,RAG,3,5.2%
数据开发工程师,深圳,Tableau,3,5.2%
数据开发工程师,深圳,数据湖,3,5.2%
数据开发工程师,西安,ClickHouse,3,11.1%
数据开发工程师,西安,Spark SQL,3,11.1%
数据开发工程师,西安,数据可视化,3,11.1%
数据开发工程师,重庆,ClickHouse,3,15.8%
数据开发工程师,重庆,PostgreSQL,3,15.8%
数据开发工程师,重庆,Scala,3,15.8%
数据开发工程师,重庆,数据挖掘,3,15.8%
数据开发工程师,重庆,深度学习,3,15.8%
机器学习工程师,上海,Java,3,23.1%
机器学习工程师,上海,RAG,3,23.1%
机器学习工程师,上海,SQL,3,23.1%
机器学习工程师,上海,大语言模型,3,23.1%
机器学习工程师,北京,Java,3,18.8%
机器学习工程师,广州,C++,3,50.0%
机器学习工程师,广州,Java,3,50.0%
机器学习工程师,广州,Redis,3,50.0%
机器学习工程师,成都,深度学习,3,60.0%
机器学习工程师,杭州,NumPy,3,37.5%
机器学习工程师,杭州,Pandas,3,37.5%
机器学习工程师,杭州,SQL,3,37.5%
机器学习工程师,武汉,Python,3,100.0%
机器学习工程师,深圳,PyTorch,3,30.0%
机器学习工程师,深圳,scikit-learn,3,30.0%
机器学习工程师,西安,C++,3,75.0%
机器学习工程师,西安,机器学习,3,75.0%
算法工程师,上海,Flink,3,0.4%
算法工程师,上海,HBase,3,0.4%
算法工程师,上海,Prompt Engineering,3,0.4%
算法工程师,上海,数据可视化,3,0.4%
算法工程师,北京,A,3,0.5%
算法工程师,北京,AWS,3,0.5%
算法工程师,北京,B测试,3,0.5%
算法工程师,北京,Django,3,0.5%
算法工程师,北京,Spark SQL,3,0.5%
算法工程师,北京,数据可视化,3,0.5%
算法工程师,北京,数据建模,3,0.5%
算法工程师,北京,阿里云,3,0.5%
算法工程师,南京,Docker,3,1.2%
算法工程师,南京,Flink,3,1.2%
算法工程师,南京,Hadoop,3,1.2%
算法工程师,南京,Transformers,3,1.2%
算法工程师,广州,Flink,3,0.9%
算法工程师,广州,数据建模,3,0.9%
算法工程师,广州,统计分析,3,0.9%
算法工程师,成都,FastAPI,3,1.2%
算法工程师,成都,MySQL,3,1.2%
算法工程师,成都,Spark,3,1.2%
算法工程师,杭州,FastAPI,3,0.8%
算法工程师,杭州,Spark,3,0.8%
算法工程师,杭州,数据可视化,3,0.8%
算法工程师,武汉,AWS,3,1.2%
算法工程师,武汉,Hadoop,3,1.2%
算法工程师,武汉,推荐算法,3,1.2%
算法工程师,深圳,FastAPI,3,0.5%
算法工程师,深圳,Hadoop,3,0.5%
算法工程师,深圳,Hive,3,0.5%
算法工程师,深圳,Redis,3,0.5%
算法工程师,深圳,Scala,3,0.5%
算法工程师,西安,Git,3,1.8%
算法工程师,西安,Prompt Engineering,3,1.8%
算法工程师,西安,R,3,1.8%
算法工程师,西安,SQL,3,1.8%
算法工程师,西安,Spark,3,1.8%
算法工程师,重庆,MySQL,3,2.5%
算法工程师,重庆,Transformers,3,2.5%
算法工程师,重庆,推荐算法,3,2.5%
算法工程师,重庆,数据建模,3,2.5%
BI分析师,上海,Excel,2,20.0%
BI分析师,上海,FineBI,2,20.0%
BI分析师,上海,MySQL,2,20.0%
BI分析师,上海,Oracle,2,20.0%
BI分析师,上海,数据建模,2,20.0%
BI分析师,上海,数据治理,2,20.0%
BI分析师,广州,MySQL,2,40.0%
BI分析师,广州,Oracle,2,40.0%
BI分析师,广州,PostgreSQL,2,40.0%
BI分析师,广州,Power BI,2,40.0%
BI分析师,广州,Python,2,40.0%
BI分析师,广州,数据仓库,2,40.0%
BI分析师,广州,数据可视化,2,40.0%
BI分析师,深圳,Power BI,2,100.0%
BI分析师,深圳,Tableau,2,100.0%
Python开发工程师,上海,C++,2,3.0%
Python开发工程师,上海,Prompt Engineering,2,3.0%
Python开发工程师,上海,Pydantic,2,3.0%
Python开发工程师,上海,数据建模,2,3.0%
Python开发工程师,上海,深度学习,2,3.0%
Python开发工程师,北京,Hadoop,2,2.2%
Python开发工程师,北京,IP,2,2.2%
Python开发工程师,北京,SQL Server,2,2.2%
Python开发工程师,北京,TCP,2,2.2%
Python开发工程师,北京,scikit-learn,2,2.2%
Python开发工程师,北京,计算机视觉,2,2.2%
Python开发工程师,南京,Kafka,2,10.5%
Python开发工程师,南京,Kubernetes,2,10.5%
Python开发工程师,南京,RAG,2,10.5%
Python开发工程师,南京,Redis,2,10.5%
Python开发工程师,广州,ETL,2,6.1%
Python开发工程师,广州,Jenkins,2,6.1%
Python开发工程师,广州,MATLAB,2,6.1%
Python开发工程师,广州,MongoDB,2,6.1%
Python开发工程师,广州,Prompt Engineering,2,6.1%
Python开发工程师,广州,RAG,2,6.1%
Python开发工程师,广州,统计分析,2,6.1%
Python开发工程师,成都,Excel,2,6.2%
Python开发工程师,成都,Git,2,6.2%
Python开发工程师,成都,JavaScript,2,6.2%
Python开发工程师,成都,Kafka,2,6.2%
Python开发工程师,成都,LangChain,2,6.2%
Python开发工程师,成都,Nginx,2,6.2%
Python开发工程师,成都,Oracle,2,6.2%
Python开发工程师,成都,Pandas,2,6.2%
Python开发工程师,成都,机器学习,2,6.2%
Python开发工程师,成都,深度学习,2,6.2%
Python开发工程师,杭州,C++,2,8.0%
Python开发工程师,杭州,MongoDB,2,8.0%
Python开发工程师,杭州,NumPy,2,8.0%
Python开发工程师,杭州,Oracle,2,8.0%
Python开发工程师,杭州,Pandas,2,8.0%
Python开发工程师,杭州,SQL Server,2,8.0%
Python开发工程师,杭州,scikit-learn,2,8.0%
Python开发工程师,杭州,机器学习,2,8.0%
Python开发工程师,武汉,C++,2,10.5%
Python开发工程师,武汉,Kafka,2,10.5%
Python开发工程师,武汉,LangChain,2,10.5%
Python开发工程师,武汉,Prompt Engineering,2,10.5%
Python开发工程师,武汉,PyTorch,2,10.5%
Python开发工程师,武汉,StarRocks,2,10.5%
Python开发工程师,武汉,TensorFlow,2,10.5%
Python开发工程师,武汉,机器学习,2,10.5%
Python开发工程师,深圳,ETL,2,2.4%
Python开发工程师,深圳,GitLab CI,2,2.4%
Python开发工程师,深圳,IP,2,2.4%
Python开发工程师,深圳,JavaScript,2,2.4%
Python开发工程师,深圳,Nginx,2,2.4%
Python开发工程师,深圳,SQLAlchemy,2,2.4%
Python开发工程师,深圳,TCP,2,2.4%
Python开发工程师,深圳,推荐算法,2,2.4%
Python开发工程师,深圳,数据可视化,2,2.4%
Python开发工程师,深圳,深度学习,2,2.4%
Python开发工程师,西安,ETL,2,4.4%
Python开发工程师,西安,NumPy,2,4.4%
Python开发工程师,西安,React,2,4.4%
Python开发工程师,重庆,NumPy,2,16.7%
Python开发工程师,重庆,PyTorch,2,16.7%
Python开发工程师,重庆,SQL Server,2,16.7%
Python开发工程师,重庆,Spark,2,16.7%
大数据开发工程师,上海,DataX,2,6.5%
大数据开发工程师,上海,Git,2,6.5%
大数据开发工程师,上海,Kettle,2,6.5%
大数据开发工程师,上海,MaxCompute,2,6.5%
大数据开发工程师,上海,MongoDB,2,6.5%
大数据开发工程师,上海,NumPy,2,6.5%
大数据开发工程师,上海,Pandas,2,6.5%
大数据开发工程师,上海,Spark SQL,2,6.5%
大数据开发工程师,上海,Sqoop,2,6.5%
大数据开发工程师,上海,阿里云,2,6.5%
大数据开发工程师,北京,DataX,2,3.8%
大数据开发工程师,北京,Django,2,3.8%
大数据开发工程师,北京,FastAPI,2,3.8%
大数据开发工程师,北京,Flume,2,3.8%
大数据开发工程师,北京,Git,2,3.8%
大数据开发工程师,北京,Hive SQL,2,3.8%
大数据开发工程师,北京,IP,2,3.8%
大数据开发工程师,北京,MaxCompute,2,3.8%
大数据开发工程师,北京,Pandas,2,3.8%
大数据开发工程师,北京,SQL Server,2,3.8%
大数据开发工程师,北京,TCP,2,3.8%
大数据开发工程师,北京,统计分析,2,3.8%
大数据开发工程师,南京,Linux,2,10.5%
大数据开发工程师,南京,数据挖掘,2,10.5%
大数据开发工程师,南京,阿里云,2,10.5%
大数据开发工程师,广州,Airflow,2,5.7%
大数据开发工程师,广州,DataX,2,5.7%
大数据开发工程师,广州,NumPy,2,5.7%
大数据开发工程师,广州,Pandas,2,5.7%
大数据开发工程师,广州,机器学习,2,5.7%
大数据开发工程师,广州,阿里云,2,5.7%
大数据开发工程师,成都,Docker,2,14.3%
大数据开发工程师,成都,Elasticsearch,2,14.3%
大数据开发工程师,成都,Oracle,2,14.3%
大数据开发工程师,杭州,ClickHouse,2,20.0%
大数据开发工程师,杭州,大语言模型,2,20.0%
大数据开发工程师,杭州,数据建模,2,20.0%
大数据开发工程师,杭州,数据治理,2,20.0%
大数据开发工程师,杭州,数据湖,2,20.0%
大数据开发工程师,杭州,机器学习,2,20.0%
大数据开发工程师,武汉,AWS,2,10.0%
大数据开发工程师,武汉,Azure,2,10.0%
大数据开发工程师,武汉,ClickHouse,2,10.0%
大数据开发工程师,武汉,FineBI,2,10.0%
大数据开发工程师,武汉,FineReport,2,10.0%
大数据开发工程师,武汉,Kubernetes,2,10.0%
大数据开发工程师,武汉,Spark SQL,2,10.0%
大数据开发工程师,武汉,StarRocks,2,10.0%
大数据开发工程师,武汉,腾讯云,2,10.0%
大数据开发工程师,武汉,阿里云,2,10.0%
大数据开发工程师,深圳,Elasticsearch,2,4.7%
大数据开发工程师,深圳,FineBI,2,4.7%
大数据开发工程师,深圳,NumPy,2,4.7%
大数据开发工程师,深圳,Pandas,2,4.7%
大数据开发工程师,深圳,PySpark,2,4.7%
大数据开发工程师,深圳,RAG,2,4.7%
大数据开发工程师,深圳,Redis,2,4.7%
大数据开发工程师,深圳,Tableau,2,4.7%
大数据开发工程师,深圳,数据可视化,2,4.7%
大数据开发工程师,深圳,数据挖掘,2,4.7%
大数据开发工程师,深圳,达梦数据库,2,4.7%
大数据开发工程师,西安,Doris,2,6.7%
大数据开发工程师,西安,Flink SQL,2,6.7%
大数据开发工程师,西安,Hive SQL,2,6.7%
大数据开发工程师,西安,MaxCompute,2,6.7%
大数据开发工程师,西安,MongoDB,2,6.7%
大数据开发工程师,西安,Spark SQL,2,6.7%
大数据开发工程师,西安,机器学习,2,6.7%
大数据开发工程师,西安,阿里云,2,6.7%
大数据开发工程师,重庆,ClickHouse,2,18.2%
大数据开发工程师,重庆,Elasticsearch,2,18.2%
大数据开发工程师,重庆,JavaScript,2,18.2%
大数据开发工程师,重庆,Kettle,2,18.2%
大数据开发工程师,重庆,Spring Boot,2,18.2%
数据仓库工程师,上海,FineBI,2,25.0%
数据仓库工程师,上海,Flink,2,25.0%
数据仓库工程师,上海,Hadoop,2,25.0%
数据仓库工程师,上海,Oracle,2,25.0%
数据仓库工程师,上海,PostgreSQL,2,25.0%
数据仓库工程师,上海,Power BI,2,25.0%
数据仓库工程师,上海,R,2,25.0%
数据仓库工程师,上海,SQL Server,2,25.0%
数据仓库工程师,上海,Tableau,2,25.0%
数据仓库工程师,上海,数据挖掘,2,25.0%
数据仓库工程师,上海,机器学习,2,25.0%
数据仓库工程师,北京,ETL,2,50.0%
数据仓库工程师,北京,Hadoop,2,50.0%
数据仓库工程师,北京,Java,2,50.0%
数据仓库工程师,北京,数据建模,2,50.0%
数据仓库工程师,北京,数据治理,2,50.0%
数据仓库工程师,广州,数据仓库,2,50.0%
数据仓库工程师,成都,ClickHouse,2,40.0%
数据仓库工程师,成都,DataX,2,40.0%
数据仓库工程师,成都,Java,2,40.0%
数据仓库工程师,成都,Kafka,2,40.0%
数据仓库工程师,成都,Power BI,2,40.0%
数据仓库工程师,成都,SQL Server,2,40.0%
数据仓库工程师,成都,Scala,2,40.0%
数据仓库工程师,成都,Trino,2,40.0%
数据仓库工程师,杭州,Python,2,100.0%
数据仓库工程师,杭州,SQL,2,100.0%
数据仓库工程师,杭州,数据仓库,2,100.0%
数据仓库工程师,杭州,数据建模,2,100.0%
数据仓库工程师,杭州,数据治理,2,100.0%
数据仓库工程师,深圳,ETL,2,40.0%
数据仓库工程师,深圳,FineBI,2,40.0%
数据仓库工程师,深圳,Flink,2,40.0%
数据仓库工程师,深圳,MySQL,2,40.0%
数据仓库工程师,深圳,Oracle,2,40.0%
数据分析师,上海,FineReport,2,1.1%
数据分析师,上海,Flink,2,1.1%
数据分析师,上海,JavaScript,2,1.1%
数据分析师,上海,Kafka,2,1.1%
数据分析师,上海,Matplotlib,2,1.1%
数据分析师,上海,Power Query,2,1.1%
数据分析师,上海,Prompt Engineering,2,1.1%
数据分析师,上海,PyTorch,2,1.1%
数据分析师,上海,TensorFlow,2,1.1%
数据分析师,北京,ClickHouse,2,1.1%
数据分析师,北京,Docker,2,1.1%
数据分析师,北京,ECharts,2,1.1%
数据分析师,北京,Git,2,1.1%
数据分析师,北京,Hive SQL,2,1.1%
数据分析师,北京,Kettle,2,1.1%
数据分析师,北京,Matplotlib,2,1.1%
数据分析师,北京,PostgreSQL,2,1.1%
数据分析师,北京,Scala,2,1.1%
数据分析师,北京,TensorFlow,2,1.1%
数据分析师,北京,推荐算法,2,1.1%
数据分析师,南京,DataX,2,3.3%
数据分析师,南京,Kettle,2,3.3%
数据分析师,南京,PostgreSQL,2,3.3%
数据分析师,南京,RAG,2,3.3%
数据分析师,南京,SPSS,2,3.3%
数据分析师,南京,SQL Server,2,3.3%
数据分析师,南京,Sqoop,2,3.3%
数据分析师,广州,A,2,1.4%
数据分析师,广州,BI,2,1.4%
数据分析师,广州,B测试,2,1.4%
数据分析师,广州,PostgreSQL,2,1.4%
数据分析师,广州,大语言模型,2,1.4%
数据分析师,成都,BI,2,2.2%
数据分析师,成都,ETL,2,2.2%
数据分析师,成都,Hadoop,2,2.2%
数据分析师,成都,Hive SQL,2,2.2%
数据分析师,成都,NLP,2,2.2%
数据分析师,成都,Oracle,2,2.2%
数据分析师,成都,SAS,2,2.2%
数据分析师,成都,SPSS,2,2.2%
数据分析师,成都,SQL Server,2,2.2%
数据分析师,成都,Seaborn,2,2.2%
数据分析师,成都,Spring Boot,2,2.2%
数据分析师,杭州,MySQL,2,2.4%
数据分析师,杭州,NLP,2,2.4%
数据分析师,杭州,Oracle,2,2.4%
数据分析师,杭州,Power Query,2,2.4%
数据分析师,杭州,Quick BI,2,2.4%
数据分析师,杭州,SPSS,2,2.4%
数据分析师,武汉,ERP,2,3.0%
数据分析师,武汉,ETL,2,3.0%
数据分析师,武汉,HBase,2,3.0%
数据分析师,武汉,Hive,2,3.0%
数据分析师,武汉,Kafka,2,3.0%
数据分析师,武汉,LangChain,2,3.0%
数据分析师,武汉,NLP,2,3.0%
数据分析师,武汉,Prompt Engineering,2,3.0%
数据分析师,武汉,RAG,2,3.0%
数据分析师,深圳,A,2,1.8%
数据分析师,深圳,B测试,2,1.8%
数据分析师,深圳,Java,2,1.8%
数据分析师,深圳,Oracle,2,1.8%
数据分析师,深圳,PyTorch,2,1.8%
数据分析师,深圳,SAS,2,1.8%
数据分析师,西安,ETL,2,3.5%
数据分析师,西安,Hive,2,3.5%
数据分析师,西安,Matplotlib,2,3.5%
数据分析师,西安,NumPy,2,3.5%
数据分析师,西安,PostgreSQL,2,3.5%
数据分析师,西安,大语言模型,2,3.5%
数据分析师,西安,深度学习,2,3.5%
数据分析师,重庆,A,2,5.1%
数据分析师,重庆,B测试,2,5.1%
数据分析师,重庆,Hadoop,2,5.1%
数据分析师,重庆,Hive,2,5.1%
数据分析师,重庆,Java,2,5.1%
数据分析师,重庆,SPSS,2,5.1%
数据分析师,重庆,数据治理,2,5.1%
数据开发工程师,上海,AWS,2,2.4%
数据开发工程师,上海,Azure,2,2.4%
数据开发工程师,上海,CSS,2,2.4%
数据开发工程师,上海,Docker,2,2.4%
数据开发工程师,上海,Excel,2,2.4%
数据开发工程师,上海,Flink SQL,2,2.4%
数据开发工程师,上海,Flume,2,2.4%
数据开发工程师,上海,HTML,2,2.4%
数据开发工程师,上海,Spark SQL,2,2.4%
数据开发工程师,上海,StarRocks,2,2.4%
数据开发工程师,上海,大语言模型,2,2.4%
数据开发工程师,北京,Airflow,2,2.9%
数据开发工程师,北京,BI,2,2.9%
数据开发工程师,北京,Docker,2,2.9%
数据开发工程师,北京,FineBI,2,2.9%
数据开发工程师,北京,Flink SQL,2,2.9%
数据开发工程师,北京,Kubernetes,2,2.9%
数据开发工程师,北京,Pandas,2,2.9%
数据开发工程师,北京,Redis,2,2.9%
数据开发工程师,北京,Tableau,2,2.9%
数据开发工程师,南京,Airflow,2,5.7%
数据开发工程师,南京,DataX,2,5.7%
数据开发工程师,南京,HBase,2,5.7%
数据开发工程师,南京,Matplotlib,2,5.7%
数据开发工程师,南京,NumPy,2,5.7%
数据开发工程师,南京,Pandas,2,5.7%
数据开发工程师,南京,Sqoop,2,5.7%
数据开发工程师,南京,数据可视化,2,5.7%
数据开发工程师,南京,数据挖掘,2,5.7%
数据开发工程师,南京,机器学习,2,5.7%
数据开发工程师,广州,Azure,2,4.9%
数据开发工程师,广州,Hive SQL,2,4.9%
数据开发工程师,广州,NLP,2,4.9%
数据开发工程师,广州,Power BI,2,4.9%
数据开发工程师,广州,StarRocks,2,4.9%
数据开发工程师,广州,数据挖掘,2,4.9%
数据开发工程师,广州,腾讯云,2,4.9%
数据开发工程师,广州,阿里云,2,4.9%
数据开发工程师,成都,Excel,2,6.9%
数据开发工程师,成都,FineReport,2,6.9%
数据开发工程师,成都,MongoDB,2,6.9%
数据开发工程师,成都,PostgreSQL,2,6.9%
数据开发工程师,成都,R,2,6.9%
数据开发工程师,成都,scikit-learn,2,6.9%
数据开发工程师,成都,达梦数据库,2,6.9%
数据开发工程师,杭州,C++,2,5.7%
数据开发工程师,杭州,Docker,2,5.7%
数据开发工程师,杭州,FineReport,2,5.7%
数据开发工程师,杭州,NumPy,2,5.7%
数据开发工程师,杭州,Pandas,2,5.7%
数据开发工程师,杭州,PySpark,2,5.7%
数据开发工程师,杭州,Scala,2,5.7%
数据开发工程师,杭州,数据治理,2,5.7%
数据开发工程师,武汉,C++,2,6.1%
数据开发工程师,武汉,Git,2,6.1%
数据开发工程师,武汉,JavaScript,2,6.1%
数据开发工程师,武汉,MaxCompute,2,6.1%
数据开发工程师,武汉,Scala,2,6.1%
数据开发工程师,武汉,Sqoop,2,6.1%
数据开发工程师,武汉,数据治理,2,6.1%
数据开发工程师,武汉,阿里云,2,6.1%
数据开发工程师,深圳,Excel,2,3.4%
数据开发工程师,深圳,FineBI,2,3.4%
数据开发工程师,深圳,MATLAB,2,3.4%
数据开发工程师,深圳,MongoDB,2,3.4%
数据开发工程师,深圳,NLP,2,3.4%
数据开发工程师,深圳,Pandas,2,3.4%
数据开发工程师,深圳,SQL Server,2,3.4%
数据开发工程师,深圳,Sqoop,2,3.4%
数据开发工程师,深圳,StarRocks,2,3.4%
数据开发工程师,深圳,Trino,2,3.4%
数据开发工程师,深圳,大语言模型,2,3.4%
数据开发工程师,深圳,深度学习,2,3.4%
数据开发工程师,深圳,统计分析,2,3.4%
数据开发工程师,深圳,阿里云,2,3.4%
数据开发工程师,西安,Airflow,2,7.4%
数据开发工程师,西安,MongoDB,2,7.4%
数据开发工程师,西安,PostgreSQL,2,7.4%
数据开发工程师,西安,Redis,2,7.4%
数据开发工程师,西安,Tableau,2,7.4%
数据开发工程师,西安,大语言模型,2,7.4%
数据开发工程师,西安,数据湖,2,7.4%
数据开发工程师,西安,机器学习,2,7.4%
数据开发工程师,重庆,FineBI,2,10.5%
数据开发工程师,重庆,Kafka,2,10.5%
数据开发工程师,重庆,Kettle,2,10.5%
数据开发工程师,重庆,PyTorch,2,10.5%
数据开发工程师,重庆,TensorFlow,2,10.5%
数据开发工程师,重庆,计算机视觉,2,10.5%
机器学习工程师,上海,Docker,2,15.4%
机器学习工程师,上海,LangChain,2,15.4%
机器学习工程师,上海,NLP,2,15.4%
机器学习工程师,上海,Prompt Engineering,2,15.4%
机器学习工程师,北京,Linux,2,12.5%
机器学习工程师,北京,scikit-learn,2,12.5%
机器学习工程师,北京,大语言模型,2,12.5%
机器学习工程师,北京,数据建模,2,12.5%
机器学习工程师,北京,计算机视觉,2,12.5%
机器学习工程师,南京,Python,2,100.0%
机器学习工程师,南京,机器学习,2,100.0%
机器学习工程师,广州,Docker,2,33.3%
机器学习工程师,广州,Kafka,2,33.3%
机器学习工程师,广州,Kubernetes,2,33.3%
机器学习工程师,广州,MySQL,2,33.3%
机器学习工程师,广州,PyTorch,2,33.3%
机器学习工程师,广州,TensorFlow,2,33.3%
机器学习工程师,广州,大语言模型,2,33.3%
机器学习工程师,广州,推荐算法,2,33.3%
机器学习工程师,广州,机器学习,2,33.3%
机器学习工程师,广州,深度学习,2,33.3%
机器学习工程师,成都,C++,2,40.0%
机器学习工程师,成都,PyTorch,2,40.0%
机器学习工程师,杭州,TensorFlow,2,25.0%
机器学习工程师,杭州,深度学习,2,25.0%
机器学习工程师,武汉,C++,2,66.7%
机器学习工程师,武汉,机器学习,2,66.7%
机器学习工程师,武汉,深度学习,2,66.7%
机器学习工程师,深圳,Docker,2,20.0%
机器学习工程师,深圳,Java,2,20.0%
机器学习工程师,深圳,TensorFlow,2,20.0%
机器学习工程师,深圳,大语言模型,2,20.0%
机器学习工程师,深圳,计算机视觉,2,20.0%
机器学习工程师,西安,深度学习,2,50.0%
算法工程师,上海,A,2,0.3%
算法工程师,上海,B测试,2,0.3%
算法工程师,上海,Flask,2,0.3%
算法工程师,上海,IP,2,0.3%
算法工程师,上海,Oracle,2,0.3%
算法工程师,上海,Spark SQL,2,0.3%
算法工程师,上海,TCP,2,0.3%
算法工程师,北京,Azure,2,0.4%
算法工程师,北京,Dask,2,0.4%
算法工程师,北京,ERP,2,0.4%
算法工程师,北京,Elasticsearch,2,0.4%
算法工程师,北京,MongoDB,2,0.4%
算法工程师,北京,Neo4j,2,0.4%
算法工程师,北京,React,2,0.4%
算法工程师,南京,Excel,2,0.8%
算法工程师,南京,Flask,2,0.8%
算法工程师,南京,Matplotlib,2,0.8%
算法工程师,南京,Oracle,2,0.8%
算法工程师,南京,PostgreSQL,2,0.8%
算法工程师,南京,Scala,2,0.8%
算法工程师,广州,Django,2,0.6%
算法工程师,广州,Flask,2,0.6%
算法工程师,广州,Hadoop,2,0.6%
算法工程师,广州,Matplotlib,2,0.6%
算法工程师,广州,MongoDB,2,0.6%
算法工程师,广州,MySQL,2,0.6%
算法工程师,广州,Redis,2,0.6%
算法工程师,广州,阿里云,2,0.6%
算法工程师,成都,Airflow,2,0.8%
算法工程师,成都,Flink,2,0.8%
算法工程师,成都,Kafka,2,0.8%
算法工程师,成都,MongoDB,2,0.8%
算法工程师,成都,Pandas,2,0.8%
算法工程师,成都,Redis,2,0.8%
算法工程师,成都,SQL,2,0.8%
算法工程师,成都,scikit-learn,2,0.8%
算法工程师,成都,数据可视化,2,0.8%
算法工程师,杭州,Excel,2,0.6%
算法工程师,杭州,Flask,2,0.6%
算法工程师,杭州,JavaScript,2,0.6%
算法工程师,杭州,Kubernetes,2,0.6%
算法工程师,杭州,MaxCompute,2,0.6%
算法工程师,杭州,数据治理,2,0.6%
算法工程师,杭州,统计分析,2,0.6%
算法工程师,武汉,ETL,2,0.8%
算法工程师,武汉,Flask,2,0.8%
算法工程师,武汉,IP,2,0.8%
算法工程师,武汉,MySQL,2,0.8%
算法工程师,武汉,Prompt Engineering,2,0.8%
算法工程师,武汉,TCP,2,0.8%
算法工程师,武汉,数据治理,2,0.8%
算法工程师,深圳,A,2,0.3%
算法工程师,深圳,B测试,2,0.3%
算法工程师,深圳,Flink,2,0.3%
算法工程师,深圳,PostgreSQL,2,0.3%
算法工程师,深圳,数据可视化,2,0.3%
算法工程师,深圳,数据建模,2,0.3%
算法工程师,西安,FastAPI,2,1.2%
算法工程师,西安,Hadoop,2,1.2%
算法工程师,西安,JavaScript,2,1.2%
算法工程师,西安,Transformers,2,1.2%
算法工程师,西安,数据仓库,2,1.2%
算法工程师,西安,数据可视化,2,1.2%
算法工程师,西安,数据建模,2,1.2%
算法工程师,西安,统计分析,2,1.2%
算法工程师,重庆,FastAPI,2,1.6%
算法工程师,重庆,Hadoop,2,1.6%
算法工程师,重庆,React,2,1.6%
算法工程师,镇江,C++,2,100.0%
BI分析师,上海,A,1,10.0%
BI分析师,上海,BI,1,10.0%
BI分析师,上海,B测试,1,10.0%
BI分析师,上海,Java,1,10.0%
BI分析师,上海,Power Query,1,10.0%
BI分析师,上海,R,1,10.0%
BI分析师,上海,SQL Server,1,10.0%
BI分析师,北京,FineBI,1,25.0%
BI分析师,北京,FineReport,1,25.0%
BI分析师,北京,Quick BI,1,25.0%
BI分析师,北京,SQL,1,25.0%
BI分析师,北京,Superset,1,25.0%
BI分析师,北京,Tableau,1,25.0%
BI分析师,北京,数据仓库,1,25.0%
BI分析师,广州,ClickHouse,1,20.0%
BI分析师,广州,ETL,1,20.0%
BI分析师,广州,Hive,1,20.0%
BI分析师,广州,Java,1,20.0%
BI分析师,广州,Tableau,1,20.0%
BI分析师,广州,统计分析,1,20.0%
BI分析师,成都,ETL,1,100.0%
BI分析师,成都,Power BI,1,100.0%
BI分析师,杭州,FineBI,1,100.0%
BI分析师,杭州,Hive,1,100.0%
BI分析师,杭州,MySQL,1,100.0%
BI分析师,杭州,Oracle,1,100.0%
BI分析师,杭州,SQL,1,100.0%
BI分析师,武汉,ETL,1,100.0%
BI分析师,武汉,Oracle,1,100.0%
BI分析师,武汉,SQL,1,100.0%
BI分析师,武汉,数据建模,1,100.0%
BI分析师,深圳,ERP,1,50.0%
BI分析师,深圳,Excel,1,50.0%
BI分析师,深圳,PyTorch,1,50.0%
BI分析师,深圳,Python,1,50.0%
BI分析师,深圳,R,1,50.0%
BI分析师,深圳,SQL,1,50.0%
BI分析师,深圳,TensorFlow,1,50.0%
BI分析师,深圳,数据可视化,1,50.0%
BI分析师,深圳,机器学习,1,50.0%
BI分析师,深圳,深度学习,1,50.0%
BI分析师,深圳,统计分析,1,50.0%
Python开发工程师,上海,CSS,1,1.5%
Python开发工程师,上海,Doris,1,1.5%
Python开发工程师,上海,ERP,1,1.5%
Python开发工程师,上海,HTML,1,1.5%
Python开发工程师,上海,Hive,1,1.5%
Python开发工程师,上海,JavaScript,1,1.5%
Python开发工程师,上海,Jenkins,1,1.5%
Python开发工程师,上海,Nginx,1,1.5%
Python开发工程师,上海,SQL Server,1,1.5%
Python开发工程师,上海,Spark,1,1.5%
Python开发工程师,上海,TypeScript,1,1.5%
Python开发工程师,上海,数据治理,1,1.5%
Python开发工程师,北京,A,1,1.1%
Python开发工程师,北京,B测试,1,1.1%
Python开发工程师,北京,ERP,1,1.1%
Python开发工程师,北京,Excel,1,1.1%
Python开发工程师,北京,Flink,1,1.1%
Python开发工程师,北京,GitLab CI,1,1.1%
Python开发工程师,北京,Jenkins,1,1.1%
Python开发工程师,北京,Neo4j,1,1.1%
Python开发工程师,北京,PySpark,1,1.1%
Python开发工程师,北京,Pydantic,1,1.1%
Python开发工程师,北京,Spring Boot,1,1.1%
Python开发工程师,北京,Transformers,1,1.1%
Python开发工程师,北京,TypeScript,1,1.1%
Python开发工程师,北京,数据可视化,1,1.1%
Python开发工程师,北京,数据挖掘,1,1.1%
Python开发工程师,北京,统计分析,1,1.1%
Python开发工程师,南京,Elasticsearch,1,5.3%
Python开发工程师,南京,Hadoop,1,5.3%
Python开发工程师,南京,Java,1,5.3%
Python开发工程师,南京,JavaScript,1,5.3%
Python开发工程师,南京,LangChain,1,5.3%
Python开发工程师,南京,Spark,1,5.3%
Python开发工程师,南京,TypeScript,1,5.3%
Python开发工程师,南京,scikit-learn,1,5.3%
Python开发工程师,南京,数据仓库,1,5.3%
Python开发工程师,南京,机器学习,1,5.3%
Python开发工程师,广州,Azure,1,3.0%
Python开发工程师,广州,Dask,1,3.0%
Python开发工程师,广州,Elasticsearch,1,3.0%
Python开发工程师,广州,Hive,1,3.0%
Python开发工程师,广州,IP,1,3.0%
Python开发工程师,广州,NLP,1,3.0%
Python开发工程师,广州,SQL Server,1,3.0%
Python开发工程师,广州,Spark,1,3.0%
Python开发工程师,广州,Spark SQL,1,3.0%
Python开发工程师,广州,TCP,1,3.0%
Python开发工程师,广州,scikit-learn,1,3.0%
Python开发工程师,广州,推荐算法,1,3.0%
Python开发工程师,广州,计算机视觉,1,3.0%
Python开发工程师,广州,阿里云,1,3.0%
Python开发工程师,成都,CSS,1,3.1%
Python开发工程师,成都,Elasticsearch,1,3.1%
Python开发工程师,成都,GitLab CI,1,3.1%
Python开发工程师,成都,HTML,1,3.1%
Python开发工程师,成都,Jenkins,1,3.1%
Python开发工程师,成都,MongoDB,1,3.1%
Python开发工程师,成都,NLP,1,3.1%
Python开发工程师,成都,Node.js,1,3.1%
Python开发工程师,成都,Prompt Engineering,1,3.1%
Python开发工程师,成都,PyTorch,1,3.1%
Python开发工程师,成都,SQL Server,1,3.1%
Python开发工程师,成都,TypeScript,1,3.1%
Python开发工程师,成都,Vue,1,3.1%
Python开发工程师,成都,数据挖掘,1,3.1%
Python开发工程师,杭州,CSS,1,4.0%
Python开发工程师,杭州,HTML,1,4.0%
Python开发工程师,杭州,IP,1,4.0%
Python开发工程师,杭州,JavaScript,1,4.0%
Python开发工程师,杭州,Kubernetes,1,4.0%
Python开发工程师,杭州,Nginx,1,4.0%
Python开发工程师,杭州,PyTorch,1,4.0%
Python开发工程师,杭州,React,1,4.0%
Python开发工程师,杭州,Spring Boot,1,4.0%
Python开发工程师,杭州,TCP,1,4.0%
Python开发工程师,杭州,推荐算法,1,4.0%
Python开发工程师,武汉,Flink,1,5.3%
Python开发工程师,武汉,Hive,1,5.3%
Python开发工程师,武汉,IP,1,5.3%
Python开发工程师,武汉,Java,1,5.3%
Python开发工程师,武汉,Jenkins,1,5.3%
Python开发工程师,武汉,PySpark,1,5.3%
Python开发工程师,武汉,Pydantic,1,5.3%
Python开发工程师,武汉,RAG,1,5.3%
Python开发工程师,武汉,React,1,5.3%
Python开发工程师,武汉,SQLAlchemy,1,5.3%
Python开发工程师,武汉,Spark,1,5.3%
Python开发工程师,武汉,Spark SQL,1,5.3%
Python开发工程师,武汉,TCP,1,5.3%
Python开发工程师,武汉,数据仓库,1,5.3%
Python开发工程师,武汉,深度学习,1,5.3%
Python开发工程师,深圳,AWS,1,1.2%
Python开发工程师,深圳,Azure,1,1.2%
Python开发工程师,深圳,CSS,1,1.2%
Python开发工程师,深圳,ClickHouse,1,1.2%
Python开发工程师,深圳,Elasticsearch,1,1.2%
Python开发工程师,深圳,HTML,1,1.2%
Python开发工程师,深圳,Hive,1,1.2%
Python开发工程师,深圳,NLP,1,1.2%
Python开发工程师,深圳,RAG,1,1.2%
Python开发工程师,深圳,SQL Server,1,1.2%
Python开发工程师,深圳,Spark,1,1.2%
Python开发工程师,深圳,Spring Boot,1,1.2%
Python开发工程师,深圳,Vue,1,1.2%
Python开发工程师,深圳,scikit-learn,1,1.2%
Python开发工程师,深圳,数据挖掘,1,1.2%
Python开发工程师,深圳,计算机视觉,1,1.2%
Python开发工程师,深圳,阿里云,1,1.2%
Python开发工程师,西安,Airflow,1,2.2%
Python开发工程师,西安,CSS,1,2.2%
Python开发工程师,西安,GitLab CI,1,2.2%
Python开发工程师,西安,HTML,1,2.2%
Python开发工程师,西安,Hadoop,1,2.2%
Python开发工程师,西安,IP,1,2.2%
Python开发工程师,西安,JavaScript,1,2.2%
Python开发工程师,西安,LangChain,1,2.2%
Python开发工程师,西安,Nginx,1,2.2%
Python开发工程师,西安,Power BI,1,2.2%
Python开发工程师,西安,Spark,1,2.2%
Python开发工程师,西安,TCP,1,2.2%
Python开发工程师,西安,Tableau,1,2.2%
Python开发工程师,西安,TypeScript,1,2.2%
Python开发工程师,西安,数据可视化,1,2.2%
Python开发工程师,西安,数据挖掘,1,2.2%
Python开发工程师,西安,腾讯云,1,2.2%
Python开发工程师,西安,阿里云,1,2.2%
Python开发工程师,重庆,Dask,1,8.3%
Python开发工程师,重庆,Django,1,8.3%
Python开发工程师,重庆,ETL,1,8.3%
Python开发工程师,重庆,Elasticsearch,1,8.3%
Python开发工程师,重庆,Flink,1,8.3%
Python开发工程师,重庆,Hadoop,1,8.3%
Python开发工程师,重庆,LangChain,1,8.3%
Python开发工程师,重庆,MongoDB,1,8.3%
Python开发工程师,重庆,Node.js,1,8.3%
Python开发工程师,重庆,PostgreSQL,1,8.3%
Python开发工程师,重庆,Pydantic,1,8.3%
Python开发工程师,重庆,Redis,1,8.3%
Python开发工程师,重庆,SQLAlchemy,1,8.3%
Python开发工程师,重庆,TensorFlow,1,8.3%
Python开发工程师,重庆,scikit-learn,1,8.3%
Python开发工程师,重庆,大语言模型,1,8.3%
Python开发工程师,重庆,数据仓库,1,8.3%
Python开发工程师,重庆,机器学习,1,8.3%
大数据开发工程师,上海,Azure,1,3.2%
大数据开发工程师,上海,CSS,1,3.2%
大数据开发工程师,上海,Docker,1,3.2%
大数据开发工程师,上海,Doris,1,3.2%
大数据开发工程师,上海,ERP,1,3.2%
大数据开发工程师,上海,Excel,1,3.2%
大数据开发工程师,上海,FineBI,1,3.2%
大数据开发工程师,上海,FineReport,1,3.2%
大数据开发工程师,上海,Flume,1,3.2%
大数据开发工程师,上海,HTML,1,3.2%
大数据开发工程师,上海,NLP,1,3.2%
大数据开发工程师,上海,OceanBase,1,3.2%
大数据开发工程师,上海,Power BI,1,3.2%
大数据开发工程师,上海,Prompt Engineering,1,3.2%
大数据开发工程师,上海,PyTorch,1,3.2%
大数据开发工程师,上海,Quick BI,1,3.2%
大数据开发工程师,上海,React,1,3.2%
大数据开发工程师,上海,SQL Server,1,3.2%
大数据开发工程师,上海,Tableau,1,3.2%
大数据开发工程师,上海,TensorFlow,1,3.2%
大数据开发工程师,上海,scikit-learn,1,3.2%
大数据开发工程师,上海,华为云,1,3.2%
大数据开发工程师,上海,数据治理,1,3.2%
大数据开发工程师,上海,数据湖,1,3.2%
大数据开发工程师,上海,腾讯云,1,3.2%
大数据开发工程师,北京,AWS,1,1.9%
大数据开发工程师,北京,Azure,1,1.9%
大数据开发工程师,北京,C++,1,1.9%
大数据开发工程师,北京,CSS,1,1.9%
大数据开发工程师,北京,Flink SQL,1,1.9%
大数据开发工程师,北京,HTML,1,1.9%
大数据开发工程师,北京,Kettle,1,1.9%
大数据开发工程师,北京,NLP,1,1.9%
大数据开发工程师,北京,Neo4j,1,1.9%
大数据开发工程师,北京,Node.js,1,1.9%
大数据开发工程师,北京,R,1,1.9%
大数据开发工程师,北京,Transformers,1,1.9%
大数据开发工程师,北京,Trino,1,1.9%
大数据开发工程师,北京,TypeScript,1,1.9%
大数据开发工程师,北京,华为云,1,1.9%
大数据开发工程师,北京,推荐算法,1,1.9%
大数据开发工程师,北京,数据可视化,1,1.9%
大数据开发工程师,北京,深度学习,1,1.9%
大数据开发工程师,北京,腾讯云,1,1.9%
大数据开发工程师,北京,阿里云,1,1.9%
大数据开发工程师,南京,Airflow,1,5.3%
大数据开发工程师,南京,C++,1,5.3%
大数据开发工程师,南京,ClickHouse,1,5.3%
大数据开发工程师,南京,DataX,1,5.3%
大数据开发工程师,南京,Doris,1,5.3%
大数据开发工程师,南京,Flume,1,5.3%
大数据开发工程师,南京,Git,1,5.3%
大数据开发工程师,南京,PostgreSQL,1,5.3%
大数据开发工程师,南京,SQL Server,1,5.3%
大数据开发工程师,南京,Spark SQL,1,5.3%
大数据开发工程师,南京,Spring Boot,1,5.3%
大数据开发工程师,南京,Sqoop,1,5.3%
大数据开发工程师,南京,Trino,1,5.3%
大数据开发工程师,南京,华为云,1,5.3%
大数据开发工程师,南京,机器学习,1,5.3%
大数据开发工程师,南京,统计分析,1,5.3%
大数据开发工程师,广州,AWS,1,2.9%
大数据开发工程师,广州,BI,1,2.9%
大数据开发工程师,广州,CSS,1,2.9%
大数据开发工程师,广州,Docker,1,2.9%
大数据开发工程师,广州,Excel,1,2.9%
大数据开发工程师,广州,Git,1,2.9%
大数据开发工程师,广州,HTML,1,2.9%
大数据开发工程师,广州,JavaScript,1,2.9%
大数据开发工程师,广州,Kubernetes,1,2.9%
大数据开发工程师,广州,MaxCompute,1,2.9%
大数据开发工程师,广州,MongoDB,1,2.9%
大数据开发工程师,广州,Nginx,1,2.9%
大数据开发工程师,广州,RAG,1,2.9%
大数据开发工程师,广州,StarRocks,1,2.9%
大数据开发工程师,广州,Tableau,1,2.9%
大数据开发工程师,广州,Trino,1,2.9%
大数据开发工程师,广州,scikit-learn,1,2.9%
大数据开发工程师,广州,大语言模型,1,2.9%
大数据开发工程师,广州,数据可视化,1,2.9%
大数据开发工程师,广州,深度学习,1,2.9%
大数据开发工程师,广州,腾讯云,1,2.9%
大数据开发工程师,成都,Airflow,1,7.1%
大数据开发工程师,成都,DataX,1,7.1%
大数据开发工程师,成都,Django,1,7.1%
大数据开发工程师,成都,FineBI,1,7.1%
大数据开发工程师,成都,Flask,1,7.1%
大数据开发工程师,成都,Git,1,7.1%
大数据开发工程师,成都,Kettle,1,7.1%
大数据开发工程师,成都,Kubernetes,1,7.1%
大数据开发工程师,成都,MaxCompute,1,7.1%
大数据开发工程师,成都,MongoDB,1,7.1%
大数据开发工程师,成都,Pandas,1,7.1%
大数据开发工程师,成都,SQL Server,1,7.1%
大数据开发工程师,成都,Trino,1,7.1%
大数据开发工程师,成都,华为云,1,7.1%
大数据开发工程师,成都,大语言模型,1,7.1%
大数据开发工程师,成都,数据可视化,1,7.1%
大数据开发工程师,成都,机器学习,1,7.1%
大数据开发工程师,成都,达梦数据库,1,7.1%
大数据开发工程师,成都,阿里云,1,7.1%
大数据开发工程师,杭州,AWS,1,10.0%
大数据开发工程师,杭州,Airflow,1,10.0%
大数据开发工程师,杭州,Azure,1,10.0%
大数据开发工程师,杭州,BI,1,10.0%
大数据开发工程师,杭州,Linux,1,10.0%
大数据开发工程师,杭州,MaxCompute,1,10.0%
大数据开发工程师,杭州,MySQL,1,10.0%
大数据开发工程师,杭州,Oracle,1,10.0%
大数据开发工程师,杭州,SQL Server,1,10.0%
大数据开发工程师,杭州,数据可视化,1,10.0%
大数据开发工程师,杭州,统计分析,1,10.0%
大数据开发工程师,杭州,阿里云,1,10.0%
大数据开发工程师,武汉,BI,1,5.0%
大数据开发工程师,武汉,DataX,1,5.0%
大数据开发工程师,武汉,Doris,1,5.0%
大数据开发工程师,武汉,Flink SQL,1,5.0%
大数据开发工程师,武汉,Git,1,5.0%
大数据开发工程师,武汉,Hive SQL,1,5.0%
大数据开发工程师,武汉,Kettle,1,5.0%
大数据开发工程师,武汉,MaxCompute,1,5.0%
大数据开发工程师,武汉,Nginx,1,5.0%
大数据开发工程师,武汉,Prompt Engineering,1,5.0%
大数据开发工程师,武汉,Redis,1,5.0%
大数据开发工程师,武汉,数据可视化,1,5.0%
大数据开发工程师,武汉,数据湖,1,5.0%
大数据开发工程师,深圳,BI,1,2.3%
大数据开发工程师,深圳,DataX,1,2.3%
大数据开发工程师,深圳,Django,1,2.3%
大数据开发工程师,深圳,Docker,1,2.3%
大数据开发工程师,深圳,FineReport,1,2.3%
大数据开发工程师,深圳,Flask,1,2.3%
大数据开发工程师,深圳,Flink SQL,1,2.3%
大数据开发工程师,深圳,Git,1,2.3%
大数据开发工程师,深圳,Kettle,1,2.3%
大数据开发工程师,深圳,LangChain,1,2.3%
大数据开发工程师,深圳,MaxCompute,1,2.3%
大数据开发工程师,深圳,MongoDB,1,2.3%
大数据开发工程师,深圳,Nginx,1,2.3%
大数据开发工程师,深圳,R,1,2.3%
大数据开发工程师,深圳,TiDB,1,2.3%
大数据开发工程师,深圳,Vue,1,2.3%
大数据开发工程师,深圳,scikit-learn,1,2.3%
大数据开发工程师,深圳,深度学习,1,2.3%
大数据开发工程师,深圳,阿里云,1,2.3%
大数据开发工程师,西安,C++,1,3.3%
大数据开发工程师,西安,DataX,1,3.3%
大数据开发工程师,西安,Excel,1,3.3%
大数据开发工程师,西安,SQL Server,1,3.3%
大数据开发工程师,西安,Trino,1,3.3%
大数据开发工程师,西安,大语言模型,1,3.3%
大数据开发工程师,西安,数据可视化,1,3.3%
大数据开发工程师,重庆,Airflow,1,9.1%
大数据开发工程师,重庆,CSS,1,9.1%
大数据开发工程师,重庆,Doris,1,9.1%
大数据开发工程师,重庆,FineBI,1,9.1%
大数据开发工程师,重庆,FineReport,1,9.1%
大数据开发工程师,重庆,Flume,1,9.1%
大数据开发工程师,重庆,Git,1,9.1%
大数据开发工程师,重庆,HTML,1,9.1%
大数据开发工程师,重庆,OceanBase,1,9.1%
大数据开发工程师,重庆,Oracle,1,9.1%
大数据开发工程师,重庆,数据可视化,1,9.1%
大数据开发工程师,重庆,数据挖掘,1,9.1%
大数据开发工程师,重庆,深度学习,1,9.1%
大数据开发工程师,重庆,达梦数据库,1,9.1%
数据仓库工程师,上海,BI,1,12.5%
数据仓库工程师,上海,HBase,1,12.5%
数据仓库工程师,上海,Kafka,1,12.5%
数据仓库工程师,上海,Kettle,1,12.5%
数据仓库工程师,上海,LangChain,1,12.5%
数据仓库工程师,上海,MaxCompute,1,12.5%
数据仓库工程师,上海,Prompt Engineering,1,12.5%
数据仓库工程师,上海,RAG,1,12.5%
数据仓库工程师,上海,大语言模型,1,12.5%
数据仓库工程师,北京,Doris,1,25.0%
数据仓库工程师,北京,Flink,1,25.0%
数据仓库工程师,北京,Hive SQL,1,25.0%
数据仓库工程师,北京,Linux,1,25.0%
数据仓库工程师,北京,MySQL,1,25.0%
数据仓库工程师,北京,Oracle,1,25.0%
数据仓库工程师,北京,Spark,1,25.0%
数据仓库工程师,北京,StarRocks,1,25.0%
数据仓库工程师,北京,大语言模型,1,25.0%
数据仓库工程师,北京,机器学习,1,25.0%
数据仓库工程师,南京,ClickHouse,1,100.0%
数据仓库工程师,南京,ETL,1,100.0%
数据仓库工程师,南京,Flink,1,100.0%
数据仓库工程师,南京,HBase,1,100.0%
数据仓库工程师,南京,Hadoop,1,100.0%
数据仓库工程师,南京,Hive,1,100.0%
数据仓库工程师,南京,Java,1,100.0%
数据仓库工程师,南京,Kafka,1,100.0%
数据仓库工程师,南京,SQL,1,100.0%
数据仓库工程师,南京,Scala,1,100.0%
数据仓库工程师,南京,Spark,1,100.0%
数据仓库工程师,南京,数据仓库,1,100.0%
数据仓库工程师,南京,数据建模,1,100.0%
数据仓库工程师,广州,DataX,1,25.0%
数据仓库工程师,广州,ERP,1,25.0%
数据仓库工程师,广州,Kettle,1,25.0%
数据仓库工程师,广州,Oracle,1,25.0%
数据仓库工程师,广州,Power BI,1,25.0%
数据仓库工程师,广州,Scala,1,25.0%
数据仓库工程师,广州,Tableau,1,25.0%
数据仓库工程师,广州,数据治理,1,25.0%
数据仓库工程师,广州,统计分析,1,25.0%
数据仓库工程师,成都,Airflow,1,20.0%
数据仓库工程师,成都,Doris,1,20.0%
数据仓库工程师,成都,Flume,1,20.0%
数据仓库工程师,成都,NumPy,1,20.0%
数据仓库工程师,成都,Pandas,1,20.0%
数据仓库工程师,成都,PostgreSQL,1,20.0%
数据仓库工程师,成都,PySpark,1,20.0%
数据仓库工程师,杭州,Airflow,1,50.0%
数据仓库工程师,杭州,ClickHouse,1,50.0%
数据仓库工程师,杭州,Flink,1,50.0%
数据仓库工程师,杭州,HBase,1,50.0%
数据仓库工程师,杭州,Hive,1,50.0%
数据仓库工程师,杭州,Java,1,50.0%
数据仓库工程师,杭州,Kafka,1,50.0%
数据仓库工程师,杭州,Spark,1,50.0%
数据仓库工程师,武汉,ETL,1,100.0%
数据仓库工程师,武汉,Flink,1,100.0%
数据仓库工程师,武汉,Hadoop,1,100.0%
数据仓库工程师,武汉,Hive,1,100.0%
数据仓库工程师,武汉,Kafka,1,100.0%
数据仓库工程师,武汉,SQL,1,100.0%
数据仓库工程师,武汉,Spark,1,100.0%
数据仓库工程师,武汉,数据仓库,1,100.0%
数据仓库工程师,武汉,数据建模,1,100.0%
数据仓库工程师,武汉,数据治理,1,100.0%
数据仓库工程师,深圳,Airflow,1,20.0%
数据仓库工程师,深圳,HBase,1,20.0%
数据仓库工程师,深圳,Java,1,20.0%
数据仓库工程师,深圳,Python,1,20.0%
数据仓库工程师,深圳,Scala,1,20.0%
数据仓库工程师,深圳,Tableau,1,20.0%
数据仓库工程师,深圳,数据治理,1,20.0%
数据分析师,上海,A,1,0.6%
数据分析师,上海,Airflow,1,0.6%
数据分析师,上海,B测试,1,0.6%
数据分析师,上海,Git,1,0.6%
数据分析师,上海,HBase,1,0.6%
数据分析师,上海,MongoDB,1,0.6%
数据分析师,上海,NLP,1,0.6%
数据分析师,上海,Neo4j,1,0.6%
数据分析师,上海,PostgreSQL,1,0.6%
数据分析师,上海,SQL Server,1,0.6%
数据分析师,上海,Scala,1,0.6%
数据分析师,上海,Spark SQL,1,0.6%
数据分析师,北京,DataX,1,0.6%
数据分析师,北京,Django,1,0.6%
数据分析师,北京,Doris,1,0.6%
数据分析师,北京,FastAPI,1,0.6%
数据分析师,北京,FineReport,1,0.6%
数据分析师,北京,Flask,1,0.6%
数据分析师,北京,Flume,1,0.6%
数据分析师,北京,Kafka,1,0.6%
数据分析师,北京,MaxCompute,1,0.6%
数据分析师,北京,MongoDB,1,0.6%
数据分析师,北京,Nginx,1,0.6%
数据分析师,北京,Plotly,1,0.6%
数据分析师,北京,PyTorch,1,0.6%
数据分析师,北京,RAG,1,0.6%
数据分析师,北京,Redis,1,0.6%
数据分析师,北京,Spring Boot,1,0.6%
数据分析师,北京,Sqoop,1,0.6%
数据分析师,北京,Trino,1,0.6%
数据分析师,北京,VBA,1,0.6%
数据分析师,北京,数据湖,1,0.6%
数据分析师,南京,BI,1,1.7%
数据分析师,南京,ECharts,1,1.7%
数据分析师,南京,Hadoop,1,1.7%
数据分析师,南京,LangChain,1,1.7%
数据分析师,南京,NLP,1,1.7%
数据分析师,南京,Spark SQL,1,1.7%
数据分析师,南京,Spring Boot,1,1.7%
数据分析师,南京,Transformers,1,1.7%
数据分析师,南京,Vue,1,1.7%
数据分析师,南京,计算机视觉,1,1.7%
数据分析师,广州,Airflow,1,0.7%
数据分析师,广州,ClickHouse,1,0.7%
数据分析师,广州,ECharts,1,0.7%
数据分析师,广州,ETL,1,0.7%
数据分析师,广州,Hive SQL,1,0.7%
数据分析师,广州,JavaScript,1,0.7%
数据分析师,广州,Jenkins,1,0.7%
数据分析师,广州,LangChain,1,0.7%
数据分析师,广州,Linux,1,0.7%
数据分析师,广州,NLP,1,0.7%
数据分析师,广州,Power Query,1,0.7%
数据分析师,广州,Prompt Engineering,1,0.7%
数据分析师,成都,C++,1,1.1%
数据分析师,成都,ClickHouse,1,1.1%
数据分析师,成都,ECharts,1,1.1%
数据分析师,成都,Flink,1,1.1%
数据分析师,成都,HBase,1,1.1%
数据分析师,成都,Hive,1,1.1%
数据分析师,成都,JavaScript,1,1.1%
数据分析师,成都,Kafka,1,1.1%
数据分析师,成都,Kubernetes,1,1.1%
数据分析师,成都,Linux,1,1.1%
数据分析师,成都,MATLAB,1,1.1%
数据分析师,成都,MaxCompute,1,1.1%
数据分析师,成都,OceanBase,1,1.1%
数据分析师,成都,Quick BI,1,1.1%
数据分析师,成都,RAG,1,1.1%
数据分析师,成都,Redis,1,1.1%
数据分析师,成都,TypeScript,1,1.1%
数据分析师,成都,推荐算法,1,1.1%
数据分析师,成都,阿里云,1,1.1%
数据分析师,杭州,BI,1,1.2%
数据分析师,杭州,C++,1,1.2%
数据分析师,杭州,Docker,1,1.2%
数据分析师,杭州,Doris,1,1.2%
数据分析师,杭州,FineReport,1,1.2%
数据分析师,杭州,Flink,1,1.2%
数据分析师,杭州,Hive SQL,1,1.2%
数据分析师,杭州,Kafka,1,1.2%
数据分析师,杭州,Kettle,1,1.2%
数据分析师,杭州,Kubernetes,1,1.2%
数据分析师,杭州,Linux,1,1.2%
数据分析师,杭州,MATLAB,1,1.2%
数据分析师,杭州,Matplotlib,1,1.2%
数据分析师,杭州,Prompt Engineering,1,1.2%
数据分析师,杭州,PyTorch,1,1.2%
数据分析师,杭州,SAS,1,1.2%
数据分析师,杭州,StarRocks,1,1.2%
数据分析师,杭州,TensorFlow,1,1.2%
数据分析师,杭州,scikit-learn,1,1.2%
数据分析师,杭州,数据治理,1,1.2%
数据分析师,杭州,阿里云,1,1.2%
数据分析师,武汉,DataX,1,1.5%
数据分析师,武汉,FineReport,1,1.5%
数据分析师,武汉,Flink,1,1.5%
数据分析师,武汉,Oracle,1,1.5%
数据分析师,武汉,Quick BI,1,1.5%
数据分析师,武汉,Redis,1,1.5%
数据分析师,武汉,Spring Boot,1,1.5%
数据分析师,武汉,大语言模型,1,1.5%
数据分析师,武汉,数据治理,1,1.5%
数据分析师,深圳,FastAPI,1,0.9%
数据分析师,深圳,Flask,1,0.9%
数据分析师,深圳,Flink,1,0.9%
数据分析师,深圳,MATLAB,1,0.9%
数据分析师,深圳,Power Query,1,0.9%
数据分析师,深圳,PySpark,1,0.9%
数据分析师,深圳,SQL Server,1,0.9%
数据分析师,深圳,Scala,1,0.9%
数据分析师,深圳,Spark SQL,1,0.9%
数据分析师,深圳,Superset,1,0.9%
数据分析师,深圳,Vue,1,0.9%
数据分析师,深圳,腾讯云,1,0.9%
数据分析师,深圳,达梦数据库,1,0.9%
数据分析师,西安,Doris,1,1.8%
数据分析师,西安,Elasticsearch,1,1.8%
数据分析师,西安,FastAPI,1,1.8%
数据分析师,西安,FineBI,1,1.8%
数据分析师,西安,HBase,1,1.8%
数据分析师,西安,Java,1,1.8%
数据分析师,西安,Kafka,1,1.8%
数据分析师,西安,Linux,1,1.8%
数据分析师,西安,Oracle,1,1.8%
数据分析师,西安,Power Query,1,1.8%
数据分析师,西安,PyTorch,1,1.8%
数据分析师,西安,Quick BI,1,1.8%
数据分析师,西安,RAG,1,1.8%
数据分析师,西安,Redis,1,1.8%
数据分析师,西安,SPSS,1,1.8%
数据分析师,西安,SQL Server,1,1.8%
数据分析师,西安,Seaborn,1,1.8%
数据分析师,西安,Spark SQL,1,1.8%
数据分析师,西安,TensorFlow,1,1.8%
数据分析师,西安,数据湖,1,1.8%
数据分析师,重庆,ClickHouse,1,2.6%
数据分析师,重庆,ERP,1,2.6%
数据分析师,重庆,Flink,1,2.6%
数据分析师,重庆,Linux,1,2.6%
数据分析师,重庆,Matplotlib,1,2.6%
数据分析师,重庆,MySQL,1,2.6%
数据分析师,重庆,Oracle,1,2.6%
数据分析师,重庆,SAS,1,2.6%
数据分析师,重庆,Seaborn,1,2.6%
数据分析师,重庆,Spark SQL,1,2.6%
数据分析师,重庆,大语言模型,1,2.6%
数据开发工程师,上海,BI,1,1.2%
数据开发工程师,上海,ERP,1,1.2%
数据开发工程师,上海,Git,1,1.2%
数据开发工程师,上海,Hive SQL,1,1.2%
数据开发工程师,上海,Jenkins,1,1.2%
数据开发工程师,上海,Kubernetes,1,1.2%
数据开发工程师,上海,Matplotlib,1,1.2%
数据开发工程师,上海,MaxCompute,1,1.2%
数据开发工程师,上海,NLP,1,1.2%
数据开发工程师,上海,OceanBase,1,1.2%
数据开发工程师,上海,PyTorch,1,1.2%
数据开发工程师,上海,Quick BI,1,1.2%
数据开发工程师,上海,RAG,1,1.2%
数据开发工程师,上海,React,1,1.2%
数据开发工程师,上海,Seaborn,1,1.2%
数据开发工程师,上海,Sqoop,1,1.2%
数据开发工程师,上海,TensorFlow,1,1.2%
数据开发工程师,上海,Trino,1,1.2%
数据开发工程师,上海,Vue,1,1.2%
数据开发工程师,上海,阿里云,1,1.2%
数据开发工程师,北京,CSS,1,1.5%
数据开发工程师,北京,DataX,1,1.5%
数据开发工程师,北京,Django,1,1.5%
数据开发工程师,北京,ECharts,1,1.5%
数据开发工程师,北京,FastAPI,1,1.5%
数据开发工程师,北京,FineReport,1,1.5%
数据开发工程师,北京,Flask,1,1.5%
数据开发工程师,北京,HTML,1,1.5%
数据开发工程师,北京,JavaScript,1,1.5%
数据开发工程师,北京,MATLAB,1,1.5%
数据开发工程师,北京,MongoDB,1,1.5%
数据开发工程师,北京,Nginx,1,1.5%
数据开发工程师,北京,NumPy,1,1.5%
数据开发工程师,北京,OceanBase,1,1.5%
数据开发工程师,北京,Power BI,1,1.5%
数据开发工程师,北京,PySpark,1,1.5%
数据开发工程师,北京,PyTorch,1,1.5%
数据开发工程师,北京,Quick BI,1,1.5%
数据开发工程师,北京,React,1,1.5%
数据开发工程师,北京,Sqoop,1,1.5%
数据开发工程师,北京,StarRocks,1,1.5%
数据开发工程师,北京,Superset,1,1.5%
数据开发工程师,北京,TensorFlow,1,1.5%
数据开发工程师,北京,TiDB,1,1.5%
数据开发工程师,北京,Trino,1,1.5%
数据开发工程师,北京,Vue,1,1.5%
数据开发工程师,北京,达梦数据库,1,1.5%
数据开发工程师,南京,C++,1,2.9%
数据开发工程师,南京,Docker,1,2.9%
数据开发工程师,南京,Excel,1,2.9%
数据开发工程师,南京,FineReport,1,2.9%
数据开发工程师,南京,Git,1,2.9%
数据开发工程师,南京,Kubernetes,1,2.9%
数据开发工程师,南京,Neo4j,1,2.9%
数据开发工程师,南京,Power BI,1,2.9%
数据开发工程师,南京,Spark SQL,1,2.9%
数据开发工程师,南京,Spring Boot,1,2.9%
数据开发工程师,南京,Superset,1,2.9%
数据开发工程师,南京,Tableau,1,2.9%
数据开发工程师,南京,Vue,1,2.9%
数据开发工程师,南京,阿里云,1,2.9%
数据开发工程师,广州,C++,1,2.4%
数据开发工程师,广州,Docker,1,2.4%
数据开发工程师,广州,Excel,1,2.4%
数据开发工程师,广州,Flume,1,2.4%
数据开发工程师,广州,R,1,2.4%
数据开发工程师,广州,Spark SQL,1,2.4%
数据开发工程师,广州,Spring Boot,1,2.4%
数据开发工程师,广州,Sqoop,1,2.4%
数据开发工程师,广州,Superset,1,2.4%
数据开发工程师,广州,数据可视化,1,2.4%
数据开发工程师,广州,数据湖,1,2.4%
数据开发工程师,广州,机器学习,1,2.4%
数据开发工程师,广州,计算机视觉,1,2.4%
数据开发工程师,成都,AWS,1,3.4%
数据开发工程师,成都,ClickHouse,1,3.4%
数据开发工程师,成都,Doris,1,3.4%
数据开发工程师,成都,Flume,1,3.4%
数据开发工程师,成都,HBase,1,3.4%
数据开发工程师,成都,Kafka,1,3.4%
数据开发工程师,成都,LangChain,1,3.4%
数据开发工程师,成都,Neo4j,1,3.4%
数据开发工程师,成都,PyTorch,1,3.4%
数据开发工程师,成都,SQL Server,1,3.4%
数据开发工程师,成都,TensorFlow,1,3.4%
数据开发工程师,成都,Trino,1,3.4%
数据开发工程师,成都,数据可视化,1,3.4%
数据开发工程师,成都,数据挖掘,1,3.4%
数据开发工程师,成都,数据湖,1,3.4%
数据开发工程师,成都,深度学习,1,3.4%
数据开发工程师,杭州,Airflow,1,2.9%
数据开发工程师,杭州,Azure,1,2.9%
数据开发工程师,杭州,ClickHouse,1,2.9%
数据开发工程师,杭州,DataX,1,2.9%
数据开发工程师,杭州,IP,1,2.9%
数据开发工程师,杭州,MaxCompute,1,2.9%
数据开发工程师,杭州,MongoDB,1,2.9%
数据开发工程师,杭州,Neo4j,1,2.9%
数据开发工程师,杭州,OceanBase,1,2.9%
数据开发工程师,杭州,Power BI,1,2.9%
数据开发工程师,杭州,PyTorch,1,2.9%
数据开发工程师,杭州,SQL Server,1,2.9%
数据开发工程师,杭州,Spark SQL,1,2.9%
数据开发工程师,杭州,TCP,1,2.9%
数据开发工程师,杭州,TensorFlow,1,2.9%
数据开发工程师,杭州,Trino,1,2.9%
数据开发工程师,杭州,华为云,1,2.9%
数据开发工程师,杭州,机器学习,1,2.9%
数据开发工程师,杭州,深度学习,1,2.9%
数据开发工程师,武汉,AWS,1,3.0%
数据开发工程师,武汉,Airflow,1,3.0%
数据开发工程师,武汉,Azure,1,3.0%
数据开发工程师,武汉,BI,1,3.0%
数据开发工程师,武汉,DataX,1,3.0%
数据开发工程师,武汉,ERP,1,3.0%
数据开发工程师,武汉,Elasticsearch,1,3.0%
数据开发工程师,武汉,Excel,1,3.0%
数据开发工程师,武汉,FineBI,1,3.0%
数据开发工程师,武汉,FineReport,1,3.0%
数据开发工程师,武汉,Hive SQL,1,3.0%
数据开发工程师,武汉,IP,1,3.0%
数据开发工程师,武汉,LangChain,1,3.0%
数据开发工程师,武汉,MongoDB,1,3.0%
数据开发工程师,武汉,NLP,1,3.0%
数据开发工程师,武汉,Nginx,1,3.0%
数据开发工程师,武汉,NumPy,1,3.0%
数据开发工程师,武汉,Pandas,1,3.0%
数据开发工程师,武汉,RAG,1,3.0%
数据开发工程师,武汉,Spark SQL,1,3.0%
数据开发工程师,武汉,TCP,1,3.0%
数据开发工程师,武汉,scikit-learn,1,3.0%
数据开发工程师,武汉,华为云,1,3.0%
数据开发工程师,武汉,大语言模型,1,3.0%
数据开发工程师,武汉,推荐算法,1,3.0%
数据开发工程师,武汉,机器学习,1,3.0%
数据开发工程师,武汉,腾讯云,1,3.0%
数据开发工程师,深圳,C++,1,1.7%
数据开发工程师,深圳,ERP,1,1.7%
数据开发工程师,深圳,Elasticsearch,1,1.7%
数据开发工程师,深圳,Flume,1,1.7%
数据开发工程师,深圳,JavaScript,1,1.7%
数据开发工程师,深圳,MaxCompute,1,1.7%
数据开发工程师,深圳,NumPy,1,1.7%
数据开发工程师,深圳,OceanBase,1,1.7%
数据开发工程师,深圳,Power Query,1,1.7%
数据开发工程师,深圳,Prompt Engineering,1,1.7%
数据开发工程师,深圳,PySpark,1,1.7%
数据开发工程师,深圳,R,1,1.7%
数据开发工程师,深圳,Spring Boot,1,1.7%
数据开发工程师,深圳,Superset,1,1.7%
数据开发工程师,深圳,TensorFlow,1,1.7%
数据开发工程师,深圳,Transformers,1,1.7%
数据开发工程师,深圳,华为云,1,1.7%
数据开发工程师,深圳,腾讯云,1,1.7%
数据开发工程师,西安,CSS,1,3.7%
数据开发工程师,西安,DataX,1,3.7%
数据开发工程师,西安,Django,1,3.7%
数据开发工程师,西安,ERP,1,3.7%
数据开发工程师,西安,Excel,1,3.7%
数据开发工程师,西安,FastAPI,1,3.7%
数据开发工程师,西安,Flask,1,3.7%
数据开发工程师,西安,Flume,1,3.7%
数据开发工程师,西安,HTML,1,3.7%
数据开发工程师,西安,JavaScript,1,3.7%
数据开发工程师,西安,Kettle,1,3.7%
数据开发工程师,西安,LangChain,1,3.7%
数据开发工程师,西安,Neo4j,1,3.7%
数据开发工程师,西安,NumPy,1,3.7%
数据开发工程师,西安,Pandas,1,3.7%
数据开发工程师,西安,Prompt Engineering,1,3.7%
数据开发工程师,西安,PyTorch,1,3.7%
数据开发工程师,西安,R,1,3.7%
数据开发工程师,西安,RAG,1,3.7%
数据开发工程师,西安,SAS,1,3.7%
数据开发工程师,西安,Sqoop,1,3.7%
数据开发工程师,西安,StarRocks,1,3.7%
数据开发工程师,西安,TensorFlow,1,3.7%
数据开发工程师,西安,数据挖掘,1,3.7%
数据开发工程师,西安,深度学习,1,3.7%
数据开发工程师,西安,统计分析,1,3.7%
数据开发工程师,西安,阿里云,1,3.7%
数据开发工程师,重庆,FineReport,1,5.3%
数据开发工程师,重庆,Flink SQL,1,5.3%
数据开发工程师,重庆,LangChain,1,5.3%
数据开发工程师,重庆,MongoDB,1,5.3%
数据开发工程师,重庆,NLP,1,5.3%
数据开发工程师,重庆,Neo4j,1,5.3%
数据开发工程师,重庆,NumPy,1,5.3%
数据开发工程师,重庆,Pandas,1,5.3%
数据开发工程师,重庆,Power BI,1,5.3%
数据开发工程师,重庆,PySpark,1,5.3%
数据开发工程师,重庆,RAG,1,5.3%
数据开发工程师,重庆,Redis,1,5.3%
数据开发工程师,重庆,StarRocks,1,5.3%
数据开发工程师,重庆,Tableau,1,5.3%
数据开发工程师,重庆,scikit-learn,1,5.3%
数据开发工程师,重庆,推荐算法,1,5.3%
数据开发工程师,重庆,数据可视化,1,5.3%
数据开发工程师,重庆,数据湖,1,5.3%
数据开发工程师,重庆,机器学习,1,5.3%
数据开发工程师,重庆,达梦数据库,1,5.3%
机器学习工程师,上海,A,1,7.7%
机器学习工程师,上海,AWS,1,7.7%
机器学习工程师,上海,B测试,1,7.7%
机器学习工程师,上海,Git,1,7.7%
机器学习工程师,上海,GitLab CI,1,7.7%
机器学习工程师,上海,Hadoop,1,7.7%
机器学习工程师,上海,Jenkins,1,7.7%
机器学习工程师,上海,Linux,1,7.7%
机器学习工程师,上海,MATLAB,1,7.7%
机器学习工程师,上海,NumPy,1,7.7%
机器学习工程师,上海,R,1,7.7%
机器学习工程师,上海,Spark,1,7.7%
机器学习工程师,上海,Transformers,1,7.7%
机器学习工程师,上海,数据挖掘,1,7.7%
机器学习工程师,上海,计算机视觉,1,7.7%
机器学习工程师,上海,阿里云,1,7.7%
机器学习工程师,北京,Git,1,6.2%
机器学习工程师,北京,MATLAB,1,6.2%
机器学习工程师,北京,NLP,1,6.2%
机器学习工程师,北京,Pandas,1,6.2%
机器学习工程师,北京,R,1,6.2%
机器学习工程师,北京,数据挖掘,1,6.2%
机器学习工程师,北京,统计分析,1,6.2%
机器学习工程师,北京,腾讯云,1,6.2%
机器学习工程师,南京,C++,1,50.0%
机器学习工程师,南京,Docker,1,50.0%
机器学习工程师,南京,FastAPI,1,50.0%
机器学习工程师,南京,Flask,1,50.0%
机器学习工程师,南京,Linux,1,50.0%
机器学习工程师,南京,MATLAB,1,50.0%
机器学习工程师,南京,NumPy,1,50.0%
机器学习工程师,南京,Pandas,1,50.0%
机器学习工程师,南京,PyTorch,1,50.0%
机器学习工程师,南京,TensorFlow,1,50.0%
机器学习工程师,南京,scikit-learn,1,50.0%
机器学习工程师,南京,深度学习,1,50.0%
机器学习工程师,广州,FastAPI,1,16.7%
机器学习工程师,广州,Flask,1,16.7%
机器学习工程师,广州,MongoDB,1,16.7%
机器学习工程师,广州,SQL,1,16.7%
机器学习工程师,广州,计算机视觉,1,16.7%
机器学习工程师,成都,Java,1,20.0%
机器学习工程师,成都,R,1,20.0%
机器学习工程师,成都,TensorFlow,1,20.0%
机器学习工程师,成都,大语言模型,1,20.0%
机器学习工程师,杭州,C++,1,12.5%
机器学习工程师,杭州,FineBI,1,12.5%
机器学习工程师,杭州,MATLAB,1,12.5%
机器学习工程师,杭州,Matplotlib,1,12.5%
机器学习工程师,杭州,Power BI,1,12.5%
机器学习工程师,杭州,R,1,12.5%
机器学习工程师,杭州,Seaborn,1,12.5%
机器学习工程师,杭州,Tableau,1,12.5%
机器学习工程师,杭州,scikit-learn,1,12.5%
机器学习工程师,杭州,大语言模型,1,12.5%
机器学习工程师,杭州,数据仓库,1,12.5%
机器学习工程师,杭州,数据可视化,1,12.5%
机器学习工程师,杭州,统计分析,1,12.5%
机器学习工程师,武汉,MATLAB,1,33.3%
机器学习工程师,武汉,PyTorch,1,33.3%
机器学习工程师,武汉,RAG,1,33.3%
机器学习工程师,武汉,TensorFlow,1,33.3%
机器学习工程师,武汉,大语言模型,1,33.3%
机器学习工程师,武汉,计算机视觉,1,33.3%
机器学习工程师,深圳,C++,1,10.0%
机器学习工程师,深圳,NumPy,1,10.0%
机器学习工程师,深圳,RAG,1,10.0%
机器学习工程师,西安,Java,1,25.0%
机器学习工程师,西安,Linux,1,25.0%
机器学习工程师,西安,NLP,1,25.0%
机器学习工程师,西安,NumPy,1,25.0%
机器学习工程师,西安,Pandas,1,25.0%
机器学习工程师,西安,PyTorch,1,25.0%
机器学习工程师,西安,TensorFlow,1,25.0%
机器学习工程师,西安,大语言模型,1,25.0%
机器学习工程师,重庆,Python,1,100.0%
算法工程师,上海,AWS,1,0.1%
算法工程师,上海,ClickHouse,1,0.1%
算法工程师,上海,Elasticsearch,1,0.1%
算法工程师,上海,Hive SQL,1,0.1%
算法工程师,上海,Jenkins,1,0.1%
算法工程师,上海,Kafka,1,0.1%
算法工程师,上海,Matplotlib,1,0.1%
算法工程师,上海,MongoDB,1,0.1%
算法工程师,上海,Neo4j,1,0.1%
算法工程师,上海,Spring Boot,1,0.1%
算法工程师,上海,Transformers,1,0.1%
算法工程师,上海,Vue,1,0.1%
算法工程师,上海,华为云,1,0.1%
算法工程师,上海,数据建模,1,0.1%
算法工程师,上海,数据治理,1,0.1%
算法工程师,上海,阿里云,1,0.1%
算法工程师,北京,Matplotlib,1,0.2%
算法工程师,北京,Oracle,1,0.2%
算法工程师,北京,SQL Server,1,0.2%
算法工程师,北京,Seaborn,1,0.2%
算法工程师,北京,Spring Boot,1,0.2%
算法工程师,北京,华为云,1,0.2%
算法工程师,北京,数据湖,1,0.2%
算法工程师,南京,Elasticsearch,1,0.4%
算法工程师,南京,FastAPI,1,0.4%
算法工程师,南京,Hive,1,0.4%
算法工程师,南京,Kafka,1,0.4%
算法工程师,南京,Kubernetes,1,0.4%
算法工程师,南京,React,1,0.4%
算法工程师,南京,SQL,1,0.4%
算法工程师,南京,推荐算法,1,0.4%
算法工程师,南京,数据可视化,1,0.4%
算法工程师,南京,数据湖,1,0.4%
算法工程师,南宁,C++,1,100.0%
算法工程师,南宁,PyTorch,1,100.0%
算法工程师,南宁,Python,1,100.0%
算法工程师,南宁,TensorFlow,1,100.0%
算法工程师,南宁,深度学习,1,100.0%
算法工程师,广州,Excel,1,0.3%
算法工程师,广州,HBase,1,0.3%
算法工程师,广州,Hive,1,0.3%
算法工程师,广州,Kafka,1,0.3%
算法工程师,广州,Neo4j,1,0.3%
算法工程师,广州,PostgreSQL,1,0.3%
算法工程师,广州,React,1,0.3%
算法工程师,广州,Scala,1,0.3%
算法工程师,广州,Seaborn,1,0.3%
算法工程师,广州,Transformers,1,0.3%
算法工程师,广州,TypeScript,1,0.3%
算法工程师,广州,Vue,1,0.3%
算法工程师,广州,数据仓库,1,0.3%
算法工程师,广州,数据可视化,1,0.3%
算法工程师,成都,AWS,1,0.4%
算法工程师,成都,CSS,1,0.4%
算法工程师,成都,ClickHouse,1,0.4%
算法工程师,成都,ERP,1,0.4%
算法工程师,成都,Flask,1,0.4%
算法工程师,成都,HBase,1,0.4%
算法工程师,成都,HTML,1,0.4%
算法工程师,成都,Hadoop,1,0.4%
算法工程师,成都,Hive,1,0.4%
算法工程师,成都,IP,1,0.4%
算法工程师,成都,JavaScript,1,0.4%
算法工程师,成都,Kubernetes,1,0.4%
算法工程师,成都,Oracle,1,0.4%
算法工程师,成都,PostgreSQL,1,0.4%
算法工程师,成都,TCP,1,0.4%
算法工程师,成都,Tableau,1,0.4%
算法工程师,成都,推荐算法,1,0.4%
算法工程师,成都,数据仓库,1,0.4%
算法工程师,成都,数据建模,1,0.4%
算法工程师,杭州,CSS,1,0.3%
算法工程师,杭州,ECharts,1,0.3%
算法工程师,杭州,ETL,1,0.3%
算法工程师,杭州,Flink,1,0.3%
算法工程师,杭州,HTML,1,0.3%
算法工程师,杭州,IP,1,0.3%
算法工程师,杭州,Matplotlib,1,0.3%
算法工程师,杭州,Neo4j,1,0.3%
算法工程师,杭州,Scala,1,0.3%
算法工程师,杭州,Seaborn,1,0.3%
算法工程师,杭州,TCP,1,0.3%
算法工程师,杭州,Vue,1,0.3%
算法工程师,杭州,华为云,1,0.3%
算法工程师,杭州,数据仓库,1,0.3%
算法工程师,杭州,阿里云,1,0.3%
算法工程师,武汉,A,1,0.4%
算法工程师,武汉,Azure,1,0.4%
算法工程师,武汉,B测试,1,0.4%
算法工程师,武汉,ClickHouse,1,0.4%
算法工程师,武汉,Django,1,0.4%
算法工程师,武汉,ERP,1,0.4%
算法工程师,武汉,Excel,1,0.4%
算法工程师,武汉,FastAPI,1,0.4%
算法工程师,武汉,Flink,1,0.4%
算法工程师,武汉,Matplotlib,1,0.4%
算法工程师,武汉,Redis,1,0.4%
算法工程师,武汉,Transformers,1,0.4%
算法工程师,武汉,Vue,1,0.4%
算法工程师,武汉,华为云,1,0.4%
算法工程师,武汉,数据仓库,1,0.4%
算法工程师,深圳,AWS,1,0.2%
算法工程师,深圳,Azure,1,0.2%
算法工程师,深圳,Elasticsearch,1,0.2%
算法工程师,深圳,Excel,1,0.2%
算法工程师,深圳,Flask,1,0.2%
算法工程师,深圳,IP,1,0.2%
算法工程师,深圳,Kafka,1,0.2%
算法工程师,深圳,Matplotlib,1,0.2%
算法工程师,深圳,MongoDB,1,0.2%
算法工程师,深圳,Node.js,1,0.2%
算法工程师,深圳,Oracle,1,0.2%
算法工程师,深圳,PySpark,1,0.2%
算法工程师,深圳,SPSS,1,0.2%
算法工程师,深圳,Seaborn,1,0.2%
算法工程师,深圳,Spark SQL,1,0.2%
算法工程师,深圳,TCP,1,0.2%
算法工程师,深圳,Tableau,1,0.2%
算法工程师,深圳,Transformers,1,0.2%
算法工程师,深圳,TypeScript,1,0.2%
算法工程师,西安,ERP,1,0.6%
算法工程师,西安,Elasticsearch,1,0.6%
算法工程师,西安,Flask,1,0.6%
算法工程师,西安,Hive,1,0.6%
算法工程师,西安,MySQL,1,0.6%
算法工程师,西安,PostgreSQL,1,0.6%
算法工程师,西安,React,1,0.6%
算法工程师,西安,Redis,1,0.6%
算法工程师,重庆,CSS,1,0.8%
算法工程师,重庆,ClickHouse,1,0.8%
算法工程师,重庆,Django,1,0.8%
算法工程师,重庆,Flink,1,0.8%
算法工程师,重庆,HTML,1,0.8%
算法工程师,重庆,IP,1,0.8%
算法工程师,重庆,JavaScript,1,0.8%
算法工程师,重庆,Jenkins,1,0.8%
算法工程师,重庆,Kafka,1,0.8%
算法工程师,重庆,Kubernetes,1,0.8%
算法工程师,重庆,Matplotlib,1,0.8%
算法工程师,重庆,Neo4j,1,0.8%
算法工程师,重庆,Node.js,1,0.8%
算法工程师,重庆,Oracle,1,0.8%
算法工程师,重庆,PostgreSQL,1,0.8%
算法工程师,重庆,R,1,0.8%
算法工程师,重庆,Spark,1,0.8%
算法工程师,重庆,TCP,1,0.8%
算法工程师,重庆,Vue,1,0.8%
算法工程师,重庆,数据治理,1,0.8%
算法工程师,重庆,统计分析,1,0.8%
算法工程师,镇江,MATLAB,1,50.0%
