序号,数据源,爬虫版本,技能词典版本,专业词典版本,搜索岗位,搜索城市,搜索城市编码,来源岗位ID,来源链接,采集时间,来源岗位指纹,内容指纹,岗位名称,公司名称,实际城市,区县,薪资原文,最低月薪,最高月薪,年薪月数,学历要求,学历原文,经验要求,经验原文,最低经验年限,最高经验年限,经验要求类型,岗位类型,行业,公司规模,公司性质,发布日期,发布日期原文,经度,纬度,API隐藏专业标签核验状态,正文专业候选原文,正文确认标准专业,专业类别,专业要求级别,专业证据,专业判定来源,专业判定说明,岗位描述原文,岗位描述清洗文本,任职要求文本,岗位职责文本,官网岗位标签,描述技能候选,任职要求技能候选,确认技能候选,技能类别,技能证据,技能提取范围,数据质量标记
1,zhaopin,2026-06-25.1,2026-06-18.1;2026-06-22.1+sha256:b9b87316,2026-06-18.1;2026-06-22.1+sha256:4b6deb61,数据开发工程师,武汉,736,40857284101,http://jobs.zhaopin.com/CCL1328897090J40857284101.htm,2026-06-29T08:58:54,f20c83aa53188bb8,868246df4a8c15fa,数据开发工程师,蓬勃科技(大连)有限公司,武汉,江夏,1-1.1万,10000,11000,12,本科,本科,3-5年,3-5年,3,5,区间,全职,人工智能,100-299人,民营,2026-06-29,2026-06-29 01:02:51,,,not_provided,计算机|统计学|数学,计算机类|统计学|数学,计算机类=>工学 || 统计学=>理学 || 数学=>理学,相关专业优先,"计算机类=>1.计算机、数学、统计学或相关专业本科及以上学历，3年以上数据开发任务经验
6.了解阿里云或其他云平 || 统计学=>1.计算机、数学、统计学或相关专业本科及以上学历，3年以上数据开发任务经验
6.了解阿里云或其他云平台数据开发者优 || 数学=>1.计算机、数学、统计学或相关专业本科及以上学历，3年以上数据开发任务经验
6.了解阿里云或其他云平台数据",description,仅依据岗位正文中的专业要求语境抽取,"岗位职责：
1.设计并开发离线数据处理流程，包括数据采集、清洗、转换与加裁（ETL），保障数据的准确性与时效性：
2.使用Python及相关生态工具（如Pandas、NumPy、Dask等）进行大规模数据预处理与跨系统数据同
3.与算法和业务团队协作，为大小模型训练任务提供数据支持；
任职要求：
1.计算机、数学、统计学或相关专业本科及以上学历，3年以上数据开发任务经验；
2.熟练掌握Python编程，深入理解Pandas、NumPy、scikit-learn等数据科学库的使用；
3.熟悉离线数据处理架构，了解Sqoop、DataX等数据同步工具的典型应用场景；
4.掌握常见的机器学习算法（如分类、聚类、推荐系统）及其数据准备流程；
5.具备较强SQL开发能力，能高效编写复杂查询，并对数据质量与一致性有高度敏感；
6.了解阿里云或其他云平台数据开发者优先，有Dataworks、Maxcompute、PAl使用经验者更佳；
7.具备良好的工程习惯、文档能力和团队协作意识，能独立推进数据项目落地。","岗位职责：
1.设计并开发离线数据处理流程，包括数据采集、清洗、转换与加裁（ETL），保障数据的准确性与时效性：
2.使用Python及相关生态工具（如Pandas、NumPy、Dask等）进行大规模数据预处理与跨系统数据同
3.与算法和业务团队协作，为大小模型训练任务提供数据支持；
任职要求：
1.计算机、数学、统计学或相关专业本科及以上学历，3年以上数据开发任务经验；
2.熟练掌握Python编程，深入理解Pandas、NumPy、scikit-learn等数据科学库的使用；
3.熟悉离线数据处理架构，了解Sqoop、DataX等数据同步工具的典型应用场景；
4.掌握常见的机器学习算法（如分类、聚类、推荐系统）及其数据准备流程；
5.具备较强SQL开发能力，能高效编写复杂查询，并对数据质量与一致性有高度敏感；
6.了解阿里云或其他云平台数据开发者优先，有Dataworks、Maxcompute、PAl使用经验者更佳；
7.具备良好的工程习惯、文档能力和团队协作意识，能独立推进数据项目落地。","1.计算机、数学、统计学或相关专业本科及以上学历，3年以上数据开发任务经验；
2.熟练掌握Python编程，深入理解Pandas、NumPy、scikit-learn等数据科学库的使用；
3.熟悉离线数据处理架构，了解Sqoop、DataX等数据同步工具的典型应用场景；
4.掌握常见的机器学习算法（如分类、聚类、推荐系统）及其数据准备流程；
5.具备较强SQL开发能力，能高效编写复杂查询，并对数据质量与一致性有高度敏感；
6.了解阿里云或其他云平台数据开发者优先，有Dataworks、Maxcompute、PAl使用经验者更佳；
7.具备良好的工程习惯、文档能力和团队协作意识，能独立推进数据项目落地。","1.设计并开发离线数据处理流程，包括数据采集、清洗、转换与加裁（ETL），保障数据的准确性与时效性：
2.使用Python及相关生态工具（如Pandas、NumPy、Dask等）进行大规模数据预处理与跨系统数据同
3.与算法和业务团队协作，为大小模型训练任务提供数据支持；",Python|Pandas|NumPy|本科|3-5年,Python|SQL|机器学习|Pandas|NumPy|Dask|scikit-learn|ETL|推荐算法|DataX|Sqoop|MaxCompute|阿里云,Python|SQL|机器学习|Pandas|NumPy|scikit-learn|推荐算法|DataX|Sqoop|MaxCompute|阿里云,Python|SQL|机器学习|Pandas|NumPy|scikit-learn|推荐算法|DataX|Sqoop|MaxCompute|阿里云,Python=>编程语言 || SQL=>查询语言 || 机器学习=>人工智能 || Pandas=>数据处理库 || NumPy=>数据处理库 || scikit-learn=>机器学习框架 || 推荐算法=>算法 || DataX=>数据同步 || Sqoop=>数据同步 || MaxCompute=>云数据平台 || 阿里云=>云平台,"Python=>1.计算机、数学、统计学或相关专业本科及以上学历，3年以上数据开发任务经验；
2.熟练掌握Python编程，深入理解Pandas、NumPy、scikit-learn等数据科学库的使用；
3. || SQL=>景；
4.掌握常见的机器学习算法（如分类、聚类、推荐系统）及其数据准备流程；
5.具备较强SQL开发能力，能高效编写复杂查询，并对数据质量与一致性有高度敏感；
6.了解阿里云或其他云平台 || 机器学习=>离线数据处理架构，了解Sqoop、DataX等数据同步工具的典型应用场景；
4.掌握常见的机器学习算法（如分类、聚类、推荐系统）及其数据准备流程；
5.具备较强SQL开发能力，能高效编写复 || Pandas=>相关专业本科及以上学历，3年以上数据开发任务经验；
2.熟练掌握Python编程，深入理解Pandas、NumPy、scikit-learn等数据科学库的使用；
3.熟悉离线数据处理架构，了解 || NumPy=>以上学历，3年以上数据开发任务经验；
2.熟练掌握Python编程，深入理解Pandas、NumPy、scikit-learn等数据科学库的使用；
3.熟悉离线数据处理架构，了解Sqoop、 || scikit-learn=>年以上数据开发任务经验；
2.熟练掌握Python编程，深入理解Pandas、NumPy、scikit-learn等数据科学库的使用；
3.熟悉离线数据处理架构，了解Sqoop、DataX等数据同步工具的 || 推荐算法=>op、DataX等数据同步工具的典型应用场景；
4.掌握常见的机器学习算法（如分类、聚类、推荐系统）及其数据准备流程；
5.具备较强SQL开发能力，能高效编写复杂查询，并对数据质量与一致性 || DataX=>、scikit-learn等数据科学库的使用；
3.熟悉离线数据处理架构，了解Sqoop、DataX等数据同步工具的典型应用场景；
4.掌握常见的机器学习算法（如分类、聚类、推荐系统）及其数 || Sqoop=>、NumPy、scikit-learn等数据科学库的使用；
3.熟悉离线数据处理架构，了解Sqoop、DataX等数据同步工具的典型应用场景；
4.掌握常见的机器学习算法（如分类、聚类、推荐 || MaxCompute=>质量与一致性有高度敏感；
6.了解阿里云或其他云平台数据开发者优先，有Dataworks、Maxcompute、PAl使用经验者更佳；
7.具备良好的工程习惯、文档能力和团队协作意识，能独立推进数据项 || 阿里云=>5.具备较强SQL开发能力，能高效编写复杂查询，并对数据质量与一致性有高度敏感；
6.了解阿里云或其他云平台数据开发者优先，有Dataworks、Maxcompute、PAl使用经验者更",requirement_text,
2,zhaopin,2026-06-25.1,2026-06-18.1;2026-06-22.1+sha256:b9b87316,2026-06-18.1;2026-06-22.1+sha256:4b6deb61,数据开发工程师,武汉,736,40857472207,http://jobs.zhaopin.com/CC315847110J40857472207.htm,2026-06-29T08:58:54,568aacb61a8b8d29,8e37dea7b85b7549,数据开发工程师-武汉汉口,京北方,武汉,硚口,1.1-1.3万,11000,13000,12,本科,本科,3-5年,3-5年,3,5,区间,全职,软件/IT服务,10000人以上,民营,2026-06-28,2026-06-28 01:20:19,,,not_provided,,,,未说明,,not_specified,岗位正文未识别到明确专业要求,岗位要求： 1、精通SQL复杂查询与性能调优，对接MySQL/Oracle/GaussDB/hive等数据库，支撑取数、清洗与数据校验，具备使用java或者python或者Scala编写spark的能力。 2、对大数据各个组件了解并有使用经验。 3、精通SQL复杂查询与性能调优，对接MySQL/Oracle/GaussDB/hive等数据库，支撑取数、清洗与数据校验。 4、具备使用java或者python或者Scala编写spark的能力。 5、熟练使用flink。 6、熟悉企业FineBI报表/驾驶舱/数据大屏的需求对接、方案设计、开发与迭代优化。,岗位要求： 1、精通SQL复杂查询与性能调优，对接MySQL/Oracle/GaussDB/hive等数据库，支撑取数、清洗与数据校验，具备使用java或者python或者Scala编写spark的能力。 2、对大数据各个组件了解并有使用经验。 3、精通SQL复杂查询与性能调优，对接MySQL/Oracle/GaussDB/hive等数据库，支撑取数、清洗与数据校验。 4、具备使用java或者python或者Scala编写spark的能力。 5、熟练使用flink。 6、熟悉企业FineBI报表/驾驶舱/数据大屏的需求对接、方案设计、开发与迭代优化。,1、精通SQL复杂查询与性能调优，对接MySQL/Oracle/GaussDB/hive等数据库，支撑取数、清洗与数据校验，具备使用java或者python或者Scala编写spark的能力。 2、对大数据各个组件了解并有使用经验。 3、精通SQL复杂查询与性能调优，对接MySQL/Oracle/GaussDB/hive等数据库，支撑取数、清洗与数据校验。 4、具备使用java或者python或者Scala编写spark的能力。 5、熟练使用flink。 6、熟悉企业FineBI报表/驾驶舱/数据大屏的需求对接、方案设计、开发与迭代优化。,岗位要求：,Oracle|MySQL|Sql|Spark|本科|3-5年|银行,Python|SQL|Spark|Java|Scala|MySQL|Oracle|Hive|Flink|FineBI,Python|SQL|Spark|Java|Scala|MySQL|Oracle|Hive|Flink|FineBI,Python|SQL|Spark|Java|Scala|MySQL|Oracle|Hive|Flink|FineBI,Python=>编程语言 || SQL=>查询语言 || Spark=>大数据框架 || Java=>编程语言 || Scala=>编程语言 || MySQL=>数据库 || Oracle=>数据库 || Hive=>大数据框架 || Flink=>大数据框架 || FineBI=>数据可视化,Python=>acle/GaussDB/hive等数据库，支撑取数、清洗与数据校验，具备使用java或者python或者Scala编写spark的能力。 2、对大数据各个组件了解并有使用经验。 3、精通SQ || SQL=>1、精通SQL复杂查询与性能调优，对接MySQL/Oracle/GaussDB/hive等数据库，支撑取 || Spark=>ve等数据库，支撑取数、清洗与数据校验，具备使用java或者python或者Scala编写spark的能力。 2、对大数据各个组件了解并有使用经验。 3、精通SQL复杂查询与性能调优，对接M || Java=>SQL/Oracle/GaussDB/hive等数据库，支撑取数、清洗与数据校验，具备使用java或者python或者Scala编写spark的能力。 2、对大数据各个组件了解并有使用经验 || Scala=>ssDB/hive等数据库，支撑取数、清洗与数据校验，具备使用java或者python或者Scala编写spark的能力。 2、对大数据各个组件了解并有使用经验。 3、精通SQL复杂查询与性 || MySQL=>1、精通SQL复杂查询与性能调优，对接MySQL/Oracle/GaussDB/hive等数据库，支撑取数、清洗与数据校验，具备使用jav || Oracle=>1、精通SQL复杂查询与性能调优，对接MySQL/Oracle/GaussDB/hive等数据库，支撑取数、清洗与数据校验，具备使用java或者pyth || Hive=>1、精通SQL复杂查询与性能调优，对接MySQL/Oracle/GaussDB/hive等数据库，支撑取数、清洗与数据校验，具备使用java或者python或者Scala编写sp || Flink=>。 4、具备使用java或者python或者Scala编写spark的能力。 5、熟练使用flink。 6、熟悉企业FineBI报表/驾驶舱/数据大屏的需求对接、方案设计、开发与迭代优化。 || FineBI=>者python或者Scala编写spark的能力。 5、熟练使用flink。 6、熟悉企业FineBI报表/驾驶舱/数据大屏的需求对接、方案设计、开发与迭代优化。,requirement_text,
3,zhaopin,2026-06-25.1,2026-06-18.1;2026-06-22.1+sha256:b9b87316,2026-06-18.1;2026-06-22.1+sha256:4b6deb61,数据开发工程师,武汉,736,40810498416,http://jobs.zhaopin.com/CC120160390J40810498416.htm,2026-06-29T08:58:54,480a9070f79f23da,87064f24613a4e38,【武汉】ETL数据开发工程师,中科软科技股份有限公司,武汉,江夏,8000-12000元,8000,12000,12,本科,本科,3-5年,3-5年,3,5,区间,全职,软件/IT服务,1000-9999人,股份制企业,2026-06-27,2026-06-27 01:56:59,,,not_provided,计算机,计算机类,计算机类=>工学,相关专业优先,"计算机类=>1、本科及以上学历，计算机、数据等相关专业
6、有阿里中台项目开发经验优先,如：dataworks,maxcompu",description,仅依据岗位正文中的专业要求语境抽取,"1、本科及以上学历，计算机、数据等相关专业；至少2年以上数据仓库工作经验，
2、较强的用户需求判断、引导、控制能力，有很好的合作能力，善于合作协调沟通，思维敏捷，具有非常好的书面和口头表达能力；
3、具有强烈的责任心和上进心，具备良好的团队合作精神，积极主动，能承受较大的工作压力。
4、熟悉Linux、Unix操作系统及常用命令，熟练使用Shell脚本进行编程；
5、熟练掌握主流数据库的使用，如：DB2、pg、Oracle等，有一定的SQL优化经验；
6、有阿里中台项目开发经验优先,如：dataworks,maxcompute,adb等","1、本科及以上学历，计算机、数据等相关专业；至少2年以上数据仓库工作经验，
2、较强的用户需求判断、引导、控制能力，有很好的合作能力，善于合作协调沟通，思维敏捷，具有非常好的书面和口头表达能力；
3、具有强烈的责任心和上进心，具备良好的团队合作精神，积极主动，能承受较大的工作压力。
4、熟悉Linux、Unix操作系统及常用命令，熟练使用Shell脚本进行编程；
5、熟练掌握主流数据库的使用，如：DB2、pg、Oracle等，有一定的SQL优化经验；
6、有阿里中台项目开发经验优先,如：dataworks,maxcompute,adb等",,"1、本科及以上学历，计算机、数据等相关专业；至少2年以上数据仓库工作经验，
2、较强的用户需求判断、引导、控制能力，有很好的合作能力，善于合作协调沟通，思维敏捷，具有非常好的书面和口头表达能力；
3、具有强烈的责任心和上进心，具备良好的团队合作精神，积极主动，能承受较大的工作压力。
4、熟悉Linux、Unix操作系统及常用命令，熟练使用Shell脚本进行编程；
5、熟练掌握主流数据库的使用，如：DB2、pg、Oracle等，有一定的SQL优化经验；
6、有阿里中台项目开发经验优先,如：dataworks,maxcompute,adb等",数据开发|Shell|DB2|Oracle|SQL|MaxCompute|DataStage|统信报送|本科|3-5年,SQL|数据仓库|Oracle|Linux|MaxCompute,,SQL|数据仓库|Oracle|Linux|MaxCompute,SQL=>查询语言 || 数据仓库=>数据工程 || Oracle=>数据库 || Linux=>操作系统 || MaxCompute=>云数据平台,"SQL=>l脚本进行编程；
5、熟练掌握主流数据库的使用，如：DB2、pg、Oracle等，有一定的SQL优化经验；
6、有阿里中台项目开发经验优先,如：dataworks,maxcompute, || 数据仓库=>1、本科及以上学历，计算机、数据等相关专业；至少2年以上数据仓库工作经验，
2、较强的用户需求判断、引导、控制能力，有很好的合作能力，善于合作协调沟通，思 || Oracle=>用命令，熟练使用Shell脚本进行编程；
5、熟练掌握主流数据库的使用，如：DB2、pg、Oracle等，有一定的SQL优化经验；
6、有阿里中台项目开发经验优先,如：dataworks,ma || Linux=>有强烈的责任心和上进心，具备良好的团队合作精神，积极主动，能承受较大的工作压力。
4、熟悉Linux、Unix操作系统及常用命令，熟练使用Shell脚本进行编程；
5、熟练掌握主流数据库的使 || MaxCompute=>le等，有一定的SQL优化经验；
6、有阿里中台项目开发经验优先,如：dataworks,maxcompute,adb等",job_description,
4,zhaopin,2026-06-25.1,2026-06-18.1;2026-06-22.1+sha256:b9b87316,2026-06-18.1;2026-06-22.1+sha256:4b6deb61,数据开发工程师,武汉,736,40824025216,http://jobs.zhaopin.com/CC000544460J40824025216.htm,2026-06-29T08:58:54,1552b8ccf277abdb,321d5f23bfbb6e91,etl数据开发工程师,软通动力信息技术(集团)股份有限公司,武汉,洪山,1-1.3万,10000,13000,12,本科,本科,3-5年,3-5年,3,5,区间,全职,软件/IT服务,10000人以上,上市公司,2026-06-27,2026-06-27 01:57:46,,,not_provided,,,,未说明,,not_specified,岗位正文未识别到明确专业要求,"1、本科及以上学历，理工，工学专业；
2、4年以上ETL/BI类开发经验，熟悉数仓建模，数仓开发流程，熟悉任务调度工具；
3、掌握SQL开发及优化功能，有华为数据类开发经验，熟悉华为工具，比如LTS，ADMS，术加平台；
4、熟悉关系型数据库，分布式数据库，比如Oracle，Gauss；
5、有很好的沟通能力，需求理解能力强。","1、本科及以上学历，理工，工学专业；
2、4年以上ETL/BI类开发经验，熟悉数仓建模，数仓开发流程，熟悉任务调度工具；
3、掌握SQL开发及优化功能，有华为数据类开发经验，熟悉华为工具，比如LTS，ADMS，术加平台；
4、熟悉关系型数据库，分布式数据库，比如Oracle，Gauss；
5、有很好的沟通能力，需求理解能力强。",,"1、本科及以上学历，理工，工学专业；
2、4年以上ETL/BI类开发经验，熟悉数仓建模，数仓开发流程，熟悉任务调度工具；
3、掌握SQL开发及优化功能，有华为数据类开发经验，熟悉华为工具，比如LTS，ADMS，术加平台；
4、熟悉关系型数据库，分布式数据库，比如Oracle，Gauss；
5、有很好的沟通能力，需求理解能力强。",Python|DataStage|DB2|PostgreSQL|GaussDB|本科|3-5年|云计算,SQL|数据仓库|Oracle|ETL,,SQL|数据仓库|Oracle|ETL,SQL=>查询语言 || 数据仓库=>数据工程 || Oracle=>数据库 || ETL=>数据工程,"SQL=>、4年以上ETL/BI类开发经验，熟悉数仓建模，数仓开发流程，熟悉任务调度工具；
3、掌握SQL开发及优化功能，有华为数据类开发经验，熟悉华为工具，比如LTS，ADMS，术加平台；
4、 || 数据仓库=>1、本科及以上学历，理工，工学专业；
2、4年以上ETL/BI类开发经验，熟悉数仓建模，数仓开发流程，熟悉任务调度工具；
3、掌握SQL开发及优化功能，有华为数据类开发经验 || Oracle=>，熟悉华为工具，比如LTS，ADMS，术加平台；
4、熟悉关系型数据库，分布式数据库，比如Oracle，Gauss；
5、有很好的沟通能力，需求理解能力强。 || ETL=>1、本科及以上学历，理工，工学专业；
2、4年以上ETL/BI类开发经验，熟悉数仓建模，数仓开发流程，熟悉任务调度工具；
3、掌握SQL开发及优化",job_description,
5,zhaopin,2026-06-25.1,2026-06-18.1;2026-06-22.1+sha256:b9b87316,2026-06-18.1;2026-06-22.1+sha256:4b6deb61,数据开发工程师,武汉,736,40784739206,http://jobs.zhaopin.com/CC676710180J40784739206.htm,2026-06-29T08:58:54,019aa57e9e587aca,da21e9d075d973b9,数据开发工程师-五险一金-长白班,成都年年好人力资源管理有限公司,武汉,硚口,1.5-2万,15000,20000,12,大专,大专,1-3年,1-3年,1,3,区间,全职,人力资源,1000-9999人,民营,2026-06-26,2026-06-26 13:05:53,,,not_provided,计算机|统计学,计算机类|统计学,计算机类=>工学 || 统计学=>理学,相关专业优先,"计算机类=>1. 大专及以上学历，计算机、统计学等相关专业，基础扎实
3. 熟悉数据仓库架构与ETL流程，有维度建模经验者优先 || 统计学=>1. 大专及以上学历，计算机、统计学等相关专业，基础扎实
3. 熟悉数据仓库架构与ETL流程，有维度建模经验者优先",description,仅依据岗位正文中的专业要求语境抽取,"工作职责
1. 负责人力资源业务数据仓库的设计与开发，构建覆盖招聘、薪酬、绩效等模块的数据模型。
2. 基于业务需求开发数据ETL流程，保障数据的准确性、完整性与时效性。
3. 设计并维护数据可视化报表与分析工具，为业务部门提供数据决策支持。
4. 参与数据治理体系建设，优化数据质量监控机制。
任职要求
1. 大专及以上学历，计算机、统计学等相关专业，基础扎实。
2. 具备2年以上数据开发经验，熟练掌握SQL、Python等数据处理工具。
3. 熟悉数据仓库架构与ETL流程，有维度建模经验者优先。
4. 具备良好的业务理解能力，能快速对接人力资源场景的数据需求。
补充说明
1. 薪酬福利：五险一金
2. 排班信息：长白班","工作职责
1. 负责人力资源业务数据仓库的设计与开发，构建覆盖招聘、薪酬、绩效等模块的数据模型。
2. 基于业务需求开发数据ETL流程，保障数据的准确性、完整性与时效性。
3. 设计并维护数据可视化报表与分析工具，为业务部门提供数据决策支持。
4. 参与数据治理体系建设，优化数据质量监控机制。
任职要求
1. 大专及以上学历，计算机、统计学等相关专业，基础扎实。
2. 具备2年以上数据开发经验，熟练掌握SQL、Python等数据处理工具。
3. 熟悉数据仓库架构与ETL流程，有维度建模经验者优先。
4. 具备良好的业务理解能力，能快速对接人力资源场景的数据需求。
补充说明
1. 薪酬福利：五险一金
2. 排班信息：长白班","1. 大专及以上学历，计算机、统计学等相关专业，基础扎实。
2. 具备2年以上数据开发经验，熟练掌握SQL、Python等数据处理工具。
3. 熟悉数据仓库架构与ETL流程，有维度建模经验者优先。
4. 具备良好的业务理解能力，能快速对接人力资源场景的数据需求。
补充说明
1. 薪酬福利：五险一金
2. 排班信息：长白班","1. 负责人力资源业务数据仓库的设计与开发，构建覆盖招聘、薪酬、绩效等模块的数据模型。
2. 基于业务需求开发数据ETL流程，保障数据的准确性、完整性与时效性。
3. 设计并维护数据可视化报表与分析工具，为业务部门提供数据决策支持。
4. 参与数据治理体系建设，优化数据质量监控机制。",数据治理|数据建模|ETL|Sql|Python|人力资源业务数据处理|数据可视化报表开发|数据质量监控优化|大专|1-3年|五险一金,Python|SQL|数据仓库|ETL|数据治理|数据建模|数据可视化,Python|SQL|数据仓库|ETL|数据建模,Python|SQL|数据仓库|ETL|数据建模,Python=>编程语言 || SQL=>查询语言 || 数据仓库=>数据工程 || ETL=>数据工程 || 数据建模=>数据工程,"Python=>历，计算机、统计学等相关专业，基础扎实。
2. 具备2年以上数据开发经验，熟练掌握SQL、Python等数据处理工具。
3. 熟悉数据仓库架构与ETL流程，有维度建模经验者优先。
4. 具备良 || SQL=>及以上学历，计算机、统计学等相关专业，基础扎实。
2. 具备2年以上数据开发经验，熟练掌握SQL、Python等数据处理工具。
3. 熟悉数据仓库架构与ETL流程，有维度建模经验者优先。 || 数据仓库=>2. 具备2年以上数据开发经验，熟练掌握SQL、Python等数据处理工具。
3. 熟悉数据仓库架构与ETL流程，有维度建模经验者优先。
4. 具备良好的业务理解能力，能快速对接人力资源 || ETL=>年以上数据开发经验，熟练掌握SQL、Python等数据处理工具。
3. 熟悉数据仓库架构与ETL流程，有维度建模经验者优先。
4. 具备良好的业务理解能力，能快速对接人力资源场景的数据需 || 数据建模=>经验，熟练掌握SQL、Python等数据处理工具。
3. 熟悉数据仓库架构与ETL流程，有维度建模经验者优先。
4. 具备良好的业务理解能力，能快速对接人力资源场景的数据需求。
补充说明",requirement_text,
6,zhaopin,2026-06-25.1,2026-06-18.1;2026-06-22.1+sha256:b9b87316,2026-06-18.1;2026-06-22.1+sha256:4b6deb61,数据开发工程师,武汉,736,40846260107,http://jobs.zhaopin.com/CC315847110J40846260107.htm,2026-06-29T08:58:54,2bb0960f6cad2484,593def36dff5bf6d,数据开发工程师-武汉光谷,京北方,武汉,洪山,1-1.7万,10000,17000,12,本科,本科,3-5年,3-5年,3,5,区间,全职,软件/IT服务,10000人以上,民营,2026-06-25,2026-06-25 01:22:10,,,not_provided,,,,未说明,,not_specified,岗位正文未识别到明确专业要求,"任职要求
1、本科及以上学历，具备4年以上java、Oracle&MySQL数据库开发经验，熟练掌握数据开发和数据测试方法。
2、熟悉SQL执行过程中工作原理和机制，精通数据库开发性能调优；熟悉存储过程；
3、熟悉java，熟悉nginx/tomcat，熟悉主流java web框架；
4、沟通能力强，具有良好的个人素养和职业精神，诚实可信，有高度的工作热情、自信心、责任心、进取心，勇于挑战；具有良好的团队合作精神，有一定抗压能力。","任职要求
1、本科及以上学历，具备4年以上java、Oracle&MySQL数据库开发经验，熟练掌握数据开发和数据测试方法。
2、熟悉SQL执行过程中工作原理和机制，精通数据库开发性能调优；熟悉存储过程；
3、熟悉java，熟悉nginx/tomcat，熟悉主流java web框架；
4、沟通能力强，具有良好的个人素养和职业精神，诚实可信，有高度的工作热情、自信心、责任心、进取心，勇于挑战；具有良好的团队合作精神，有一定抗压能力。","1、本科及以上学历，具备4年以上java、Oracle&MySQL数据库开发经验，熟练掌握数据开发和数据测试方法。
2、熟悉SQL执行过程中工作原理和机制，精通数据库开发性能调优；熟悉存储过程；
3、熟悉java，熟悉nginx/tomcat，熟悉主流java web框架；
4、沟通能力强，具有良好的个人素养和职业精神，诚实可信，有高度的工作热情、自信心、责任心、进取心，勇于挑战；具有良好的团队合作精神，有一定抗压能力。",任职要求,Oracle|Sql|ETL|本科|3-5年|软件/IT服务|银行|金融科技/数字金融,SQL|Java|MySQL|Oracle|Nginx,SQL|Java|MySQL|Oracle|Nginx,SQL|Java|MySQL|Oracle|Nginx,SQL=>查询语言 || Java=>编程语言 || MySQL=>数据库 || Oracle=>数据库 || Nginx=>Web服务器,"SQL=>ava、Oracle&MySQL数据库开发经验，熟练掌握数据开发和数据测试方法。
2、熟悉SQL执行过程中工作原理和机制，精通数据库开发性能调优；熟悉存储过程；
3、熟悉java，熟悉n || Java=>1、本科及以上学历，具备4年以上java、Oracle&MySQL数据库开发经验，熟练掌握数据开发和数据测试方法。
2、熟悉SQL || MySQL=>1、本科及以上学历，具备4年以上java、Oracle&MySQL数据库开发经验，熟练掌握数据开发和数据测试方法。
2、熟悉SQL执行过程中工作原理和机制， || Oracle=>1、本科及以上学历，具备4年以上java、Oracle&MySQL数据库开发经验，熟练掌握数据开发和数据测试方法。
2、熟悉SQL执行过程中工作 || Nginx=>L执行过程中工作原理和机制，精通数据库开发性能调优；熟悉存储过程；
3、熟悉java，熟悉nginx/tomcat，熟悉主流java web框架；
4、沟通能力强，具有良好的个人素养和职业精",requirement_text,
7,zhaopin,2026-06-25.1,2026-06-18.1;2026-06-22.1+sha256:b9b87316,2026-06-18.1;2026-06-22.1+sha256:4b6deb61,数据开发工程师,武汉,736,40756846407,http://jobs.zhaopin.com/CC315847110J40756846407.htm,2026-06-29T08:58:54,c8e04c9842bcad5e,208f9d820c7f19fe,数据开发工程师-武汉洪山,京北方,武汉,洪山,1.2-1.6万,12000,16000,12,本科,本科,3-5年,3-5年,3,5,区间,全职,软件/IT服务,10000人以上,民营,2026-06-23,2026-06-23 01:19:34,,,not_provided,,,,未说明,,not_specified,岗位正文未识别到明确专业要求,"岗位描述：
基于数据湖仓的对公类业务项目实施及底层数据集市建设。
岗位要求：
1.熟悉DB2、mysql、TD、ORACLE等关系型数据库中的一种，SQL能力良好，有银行等金融行业项目实施经验；
2.具备跟业务(需求提出人)沟通需求的能力，熟悉HIVE、SPARKSQL者优先，熟悉银行对公业务者优先。具有较强的工作主动性。","岗位描述：
基于数据湖仓的对公类业务项目实施及底层数据集市建设。
岗位要求：
1.熟悉DB2、mysql、TD、ORACLE等关系型数据库中的一种，SQL能力良好，有银行等金融行业项目实施经验；
2.具备跟业务(需求提出人)沟通需求的能力，熟悉HIVE、SPARKSQL者优先，熟悉银行对公业务者优先。具有较强的工作主动性。","1.熟悉DB2、mysql、TD、ORACLE等关系型数据库中的一种，SQL能力良好，有银行等金融行业项目实施经验；
2.具备跟业务(需求提出人)沟通需求的能力，熟悉HIVE、SPARKSQL者优先，熟悉银行对公业务者优先。具有较强的工作主动性。","岗位描述：
基于数据湖仓的对公类业务项目实施及底层数据集市建设。
岗位要求：",Oracle|MySQL|Sql|Spark|本科|3-5年|银行,SQL|数据仓库|MySQL|Oracle|Hive|Spark SQL|数据湖,SQL|MySQL|Oracle|Hive|Spark SQL,SQL|MySQL|Oracle|Hive|Spark SQL,SQL=>查询语言 || MySQL=>数据库 || Oracle=>数据库 || Hive=>大数据框架 || Spark SQL=>大数据框架,"SQL=>1.熟悉DB2、mysql、TD、ORACLE等关系型数据库中的一种，SQL能力良好，有银行等金融行业项目实施经验；
2.具备跟业务(需求提出人)沟通需求的能力，熟悉 || MySQL=>1.熟悉DB2、mysql、TD、ORACLE等关系型数据库中的一种，SQL能力良好，有银行等金融行业项目实施经验； || Oracle=>1.熟悉DB2、mysql、TD、ORACLE等关系型数据库中的一种，SQL能力良好，有银行等金融行业项目实施经验；
2.具备跟业务(需 || Hive=>能力良好，有银行等金融行业项目实施经验；
2.具备跟业务(需求提出人)沟通需求的能力，熟悉HIVE、SPARKSQL者优先，熟悉银行对公业务者优先。具有较强的工作主动性。 || Spark SQL=>有银行等金融行业项目实施经验；
2.具备跟业务(需求提出人)沟通需求的能力，熟悉HIVE、SPARKSQL者优先，熟悉银行对公业务者优先。具有较强的工作主动性。",requirement_text,
8,zhaopin,2026-06-25.1,2026-06-18.1;2026-06-22.1+sha256:b9b87316,2026-06-18.1;2026-06-22.1+sha256:4b6deb61,数据开发工程师,武汉,736,40905949712,http://jobs.zhaopin.com/CC255244630J40905949712.htm,2026-06-29T08:58:54,47636238c8f9a350,e0541f08db9c2ca5,数据开发工程师,深圳市南电云商有限公司,武汉,江夏,9000-18000元,9000,18000,12,本科,本科,3-5年,3-5年,3,5,区间,全职,保险,500-999人,民营,2026-06-16,2026-06-16 01:44:18,,,not_provided,,,,未说明,,not_specified,岗位正文未识别到明确专业要求,"岗位职责：
1、负责鼎和保险数据中台、数仓建设、业务数据集市的建模、开发、调度与维护。
2、负责业务数据采集、清洗、转换、加工、统计指标开发，支撑报表、风控、经营分析、AI 模型数据源需求。
3、设计数据分层架构（ODS/DWD/DWS/ADS），建设维度模型、主题模型，维护数据字典与指标口径。
4、开发定时调度任务、数据同步脚本，保障数据准时、准确、稳定产出，处理数据异常与数据质量问题。
5、配合业务部门制作经营报表、可视化看板，支撑日常经营分析、监管报送、内部管理统计。
6、落实数据安全、权限管控、数据脱敏及南网鼎和数据合规管理要求。
任职要求：
1、3 年及以上软件行业开发经验；
2、熟练掌握 Java 或其他开发技术，如 C#，C++，数据库等 ；
3、有基于 Oracle 数据库的应用开发经验 ；
4、能高效完成编码工作 ；
5、有一定的沟通能力；
该岗位薪资分级定薪
高级：9-18K
中级：7-15K
初级：5-11K","岗位职责：
1、负责鼎和保险数据中台、数仓建设、业务数据集市的建模、开发、调度与维护。
2、负责业务数据采集、清洗、转换、加工、统计指标开发，支撑报表、风控、经营分析、AI 模型数据源需求。
3、设计数据分层架构（ODS/DWD/DWS/ADS），建设维度模型、主题模型，维护数据字典与指标口径。
4、开发定时调度任务、数据同步脚本，保障数据准时、准确、稳定产出，处理数据异常与数据质量问题。
5、配合业务部门制作经营报表、可视化看板，支撑日常经营分析、监管报送、内部管理统计。
6、落实数据安全、权限管控、数据脱敏及南网鼎和数据合规管理要求。
任职要求：
1、3 年及以上软件行业开发经验；
2、熟练掌握 Java 或其他开发技术，如 C#，C++，数据库等 ；
3、有基于 Oracle 数据库的应用开发经验 ；
4、能高效完成编码工作 ；
5、有一定的沟通能力；
该岗位薪资分级定薪
高级：9-18K
中级：7-15K
初级：5-11K","1、3 年及以上软件行业开发经验；
2、熟练掌握 Java 或其他开发技术，如 C#，C++，数据库等 ；
3、有基于 Oracle 数据库的应用开发经验 ；
4、能高效完成编码工作 ；
5、有一定的沟通能力；
该岗位薪资分级定薪
高级：9-18K
中级：7-15K
初级：5-11K","1、负责鼎和保险数据中台、数仓建设、业务数据集市的建模、开发、调度与维护。
2、负责业务数据采集、清洗、转换、加工、统计指标开发，支撑报表、风控、经营分析、AI 模型数据源需求。
3、设计数据分层架构（ODS/DWD/DWS/ADS），建设维度模型、主题模型，维护数据字典与指标口径。
4、开发定时调度任务、数据同步脚本，保障数据准时、准确、稳定产出，处理数据异常与数据质量问题。
5、配合业务部门制作经营报表、可视化看板，支撑日常经营分析、监管报送、内部管理统计。
6、落实数据安全、权限管控、数据脱敏及南网鼎和数据合规管理要求。",Java|C++|C语言|数据仓库|本科|3-5年,数据仓库|Java|C++|Oracle,Java|C++|Oracle,Java|C++|Oracle,Java=>编程语言 || C++=>编程语言 || Oracle=>数据库,"Java=>1、3 年及以上软件行业开发经验；
2、熟练掌握 Java 或其他开发技术，如 C#，C++，数据库等 ；
3、有基于 Oracle 数据库的应用开 || C++=>1、3 年及以上软件行业开发经验；
2、熟练掌握 Java 或其他开发技术，如 C#，C++，数据库等 ；
3、有基于 Oracle 数据库的应用开发经验 ；
4、能高效完成编码工作 || Oracle=>验；
2、熟练掌握 Java 或其他开发技术，如 C#，C++，数据库等 ；
3、有基于 Oracle 数据库的应用开发经验 ；
4、能高效完成编码工作 ；
5、有一定的沟通能力；
该岗位薪资",requirement_text,
9,zhaopin,2026-06-25.1,2026-06-18.1;2026-06-22.1+sha256:b9b87316,2026-06-18.1;2026-06-22.1+sha256:4b6deb61,数据开发工程师,武汉,736,40340160702,http://jobs.zhaopin.com/CC242690380J40340160702.htm,2026-06-29T08:58:58,70ad126763fc7c6b,32a47d3325dacdd0,数据开发（含算法）工程师,武汉敬思亭信息技术有限公司,武汉,武昌,1.2-1.4万·13薪,12000,14000,13,本科,本科,3-5年,3-5年,3,5,区间,全职,产业互联网平台,20-99人,民营,2026-06-05,2026-06-05 01:03:40,,,not_provided,,,,未说明,,not_specified,岗位正文未识别到明确专业要求,岗位职责： 阿里数据中台数据及服务运营。 1、数据库设计、安装、管理、调优、备份及数据恢复、数据库安全管理等； 2、根据项目需求完成相关离线数据计算、实时数据计算等数据开发工作； 3、负责概念数据模型和逻辑数据模型的设计和维护； 4、负责数据库的性能诊断分析和系统优化、问题跟踪等。 5、参与各类设计文档的编写，参与产品需求分析、方案讨论及方案规划。 技能要求： 1、精通潮流计算原理与优化算法，熟悉OpenDSS、PandaPower等仿真工具或具备自研算法能力； 2、熟练掌握Python/SQL/Shell等相关语言； 3、熟练使用informatica或其他ETL工具，有ETL开发项目工作经验； 4、3-5年或以上相关工作经验，具备较强的沟通能力和表达能力，能够倾听他人的观点和想法，清楚、明确地表达个人的意图；具有较强的团队合作精神与团队合作能力，在本专业上能指导他人，有一定的传授能力；良好的职业道德和职业素养，工作认真、踏实，工作积极主动、责任心强，能承担一定的工作压力。,岗位职责： 阿里数据中台数据及服务运营。 1、数据库设计、安装、管理、调优、备份及数据恢复、数据库安全管理等； 2、根据项目需求完成相关离线数据计算、实时数据计算等数据开发工作； 3、负责概念数据模型和逻辑数据模型的设计和维护； 4、负责数据库的性能诊断分析和系统优化、问题跟踪等。 5、参与各类设计文档的编写，参与产品需求分析、方案讨论及方案规划。 技能要求： 1、精通潮流计算原理与优化算法，熟悉OpenDSS、PandaPower等仿真工具或具备自研算法能力； 2、熟练掌握Python/SQL/Shell等相关语言； 3、熟练使用informatica或其他ETL工具，有ETL开发项目工作经验； 4、3-5年或以上相关工作经验，具备较强的沟通能力和表达能力，能够倾听他人的观点和想法，清楚、明确地表达个人的意图；具有较强的团队合作精神与团队合作能力，在本专业上能指导他人，有一定的传授能力；良好的职业道德和职业素养，工作认真、踏实，工作积极主动、责任心强，能承担一定的工作压力。,,阿里数据中台数据及服务运营。 1、数据库设计、安装、管理、调优、备份及数据恢复、数据库安全管理等； 2、根据项目需求完成相关离线数据计算、实时数据计算等数据开发工作； 3、负责概念数据模型和逻辑数据模型的设计和维护； 4、负责数据库的性能诊断分析和系统优化、问题跟踪等。 5、参与各类设计文档的编写，参与产品需求分析、方案讨论及方案规划。 技能要求： 1、精通潮流计算原理与优化算法，熟悉OpenDSS、PandaPower等仿真工具或具备自研算法能力； 2、熟练掌握Python/SQL/Shell等相关语言； 3、熟练使用informatica或其他ETL工具，有ETL开发项目工作经验； 4、3-5年或以上相关工作经验，具备较强的沟通能力和表达能力，能够倾听他人的观点和想法，清楚、明确地表达个人的意图；具有较强的团队合作精神与团队合作能力，在本专业上能指导他人，有一定的传授能力；良好的职业道德和职业素养，工作认真、踏实，工作积极主动、责任心强，能承担一定的工作压力。,Python|C++|算法优化|OPENDSS|PANDAPOWER|自研算法|算法开发|本科|3-5年,Python|SQL|数据仓库|ETL|数据建模,,Python|SQL|数据仓库|ETL|数据建模,Python=>编程语言 || SQL=>查询语言 || 数据仓库=>数据工程 || ETL=>数据工程 || 数据建模=>数据工程,Python=>算法，熟悉OpenDSS、PandaPower等仿真工具或具备自研算法能力； 2、熟练掌握Python/SQL/Shell等相关语言； 3、熟练使用informatica或其他ETL工具，有E || SQL=>enDSS、PandaPower等仿真工具或具备自研算法能力； 2、熟练掌握Python/SQL/Shell等相关语言； 3、熟练使用informatica或其他ETL工具，有ETL开发 || 数据仓库=>岗位职责： 阿里数据中台数据及服务运营。 1、数据库设计、安装、管理、调优、备份及数据恢复、数据库安全管理等； 2 || ETL=>掌握Python/SQL/Shell等相关语言； 3、熟练使用informatica或其他ETL工具，有ETL开发项目工作经验； 4、3-5年或以上相关工作经验，具备较强的沟通能力和表达 || 数据建模=>管理等； 2、根据项目需求完成相关离线数据计算、实时数据计算等数据开发工作； 3、负责概念数据模型和逻辑数据模型的设计和维护； 4、负责数据库的性能诊断分析和系统优化、问题跟踪等。 5、参,job_description,
10,zhaopin,2026-06-25.1,2026-06-18.1;2026-06-22.1+sha256:b9b87316,2026-06-18.1;2026-06-22.1+sha256:4b6deb61,数据开发工程师,武汉,736,40860024607,http://jobs.zhaopin.com/CC703687830J40860024607.htm,2026-06-29T08:58:58,e47c78a596f5ad6a,dacd548102e20c22,数据开发,武汉弘润泽生态科技有限公司,武汉,洪山,7000-9000元,7000,9000,12,本科,本科,3-5年,3-5年,3,5,区间,全职,软件/IT服务,20人以下,,2026-06-29,2026-06-29 07:11:53,,,not_provided,计算机|统计学,计算机类|统计学,计算机类=>工学 || 统计学=>理学,相关专业优先,"计算机类=>1. 本科及以上学历，计算机、统计学等相关专业，基础扎实
3. 掌握数据仓库建模理论（如星型/雪花模型），有大型数据平 || 统计学=>1. 本科及以上学历，计算机、统计学等相关专业，基础扎实
3. 掌握数据仓库建模理论（如星型/雪花模型），有大型数据平台建设经",description,仅依据岗位正文中的专业要求语境抽取,"工作职责：
1. 负责企业级数据仓库的架构设计与模型开发，构建分层清晰、高复用性的数据资产体系。
2. 设计并实现高效的ETL/ELT数据 pipeline，保障数据从业务系统到数据平台的稳定流转与加工。
3. 建立数据质量监控机制，通过技术手段识别并解决数据一致性、完整性问题。
4. 与业务团队深度协作，理解数据需求并输出可落地的技术解决方案。
任职要求：
1. 本科及以上学历，计算机、统计学等相关专业，基础扎实。
2. 具备3年以上数据开发经验，精通SQL，熟悉Hive、Spark等大数据工具。
3. 掌握数据仓库建模理论（如星型/雪花模型），有大型数据平台建设经验者优先。
4. 具备良好的逻辑思维能力与问题分析能力，能独立解决复杂数据技术难题。","工作职责：
1. 负责企业级数据仓库的架构设计与模型开发，构建分层清晰、高复用性的数据资产体系。
2. 设计并实现高效的ETL/ELT数据 pipeline，保障数据从业务系统到数据平台的稳定流转与加工。
3. 建立数据质量监控机制，通过技术手段识别并解决数据一致性、完整性问题。
4. 与业务团队深度协作，理解数据需求并输出可落地的技术解决方案。
任职要求：
1. 本科及以上学历，计算机、统计学等相关专业，基础扎实。
2. 具备3年以上数据开发经验，精通SQL，熟悉Hive、Spark等大数据工具。
3. 掌握数据仓库建模理论（如星型/雪花模型），有大型数据平台建设经验者优先。
4. 具备良好的逻辑思维能力与问题分析能力，能独立解决复杂数据技术难题。","1. 本科及以上学历，计算机、统计学等相关专业，基础扎实。
2. 具备3年以上数据开发经验，精通SQL，熟悉Hive、Spark等大数据工具。
3. 掌握数据仓库建模理论（如星型/雪花模型），有大型数据平台建设经验者优先。
4. 具备良好的逻辑思维能力与问题分析能力，能独立解决复杂数据技术难题。","1. 负责企业级数据仓库的架构设计与模型开发，构建分层清晰、高复用性的数据资产体系。
2. 设计并实现高效的ETL/ELT数据 pipeline，保障数据从业务系统到数据平台的稳定流转与加工。
3. 建立数据质量监控机制，通过技术手段识别并解决数据一致性、完整性问题。
4. 与业务团队深度协作，理解数据需求并输出可落地的技术解决方案。",Java|本科|3-5年,SQL|Spark|数据仓库|Hive|ETL|数据建模,SQL|Spark|数据仓库|Hive|数据建模,SQL|Spark|数据仓库|Hive|数据建模,SQL=>查询语言 || Spark=>大数据框架 || 数据仓库=>数据工程 || Hive=>大数据框架 || 数据建模=>数据工程,"SQL=>本科及以上学历，计算机、统计学等相关专业，基础扎实。
2. 具备3年以上数据开发经验，精通SQL，熟悉Hive、Spark等大数据工具。
3. 掌握数据仓库建模理论（如星型/雪花模型）， || Spark=>、统计学等相关专业，基础扎实。
2. 具备3年以上数据开发经验，精通SQL，熟悉Hive、Spark等大数据工具。
3. 掌握数据仓库建模理论（如星型/雪花模型），有大型数据平台建设经验者优 || 数据仓库=>具备3年以上数据开发经验，精通SQL，熟悉Hive、Spark等大数据工具。
3. 掌握数据仓库建模理论（如星型/雪花模型），有大型数据平台建设经验者优先。
4. 具备良好的逻辑思维能力 || Hive=>历，计算机、统计学等相关专业，基础扎实。
2. 具备3年以上数据开发经验，精通SQL，熟悉Hive、Spark等大数据工具。
3. 掌握数据仓库建模理论（如星型/雪花模型），有大型数据平台 || 数据建模=>，精通SQL，熟悉Hive、Spark等大数据工具。
3. 掌握数据仓库建模理论（如星型/雪花模型），有大型数据平台建设经验者优先。
4. 具备良好的逻辑思维能力与问题分析能力，能独立解决",requirement_text,
11,zhaopin,2026-06-25.1,2026-06-18.1;2026-06-22.1+sha256:b9b87316,2026-06-18.1;2026-06-22.1+sha256:4b6deb61,数据开发工程师,武汉,736,40952012715,http://jobs.zhaopin.com/CCL1522943800J40952012715.htm,2026-06-29T08:58:58,4d7ea1d88417ea74,28f597e256280528,数据开发,武汉杰尚宁敏科技有限公司,武汉,汉南,8000-13000元,8000,13000,12,学历不限,学历不限,经验不限,经验不限,,,不限,全职,软件/IT服务,20-99人,,2026-06-28,2026-06-28 09:55:10,,,not_provided,,,,未说明,,not_specified,岗位正文未识别到明确专业要求,"职位目标
秉持公司核心价值观，立足岗位本职，高效完成各项工作任务，积极配合团队协作，助力部门目标达成与公司长远发展，主动提升自身专业能力，为团队创造价值、为公司发展赋能。
岗位职责
- 严格遵守公司各项规章制度、工作流程及操作规范，坚守职业操守，保障工作有序开展。
- 高效完成上级交办的各项工作任务，做到及时响应、认真落实、按时反馈，确保工作质量与效率。
- 主动对接内外部相关协作人员，做好沟通协调工作，及时解决工作中出现的问题，推动工作顺利推进。
- 积极参与团队建设与部门各项活动，主动分享工作经验，配合团队完成协作任务，营造积极向上的团队氛围。
- 持续学习岗位相关专业知识、技能及行业前沿动态，不断提升自身业务能力和综合素养，适应岗位发展需求。
- 负责岗位相关工作资料的整理、归档与保管，确保资料的完整性、准确性和安全性。
- 积极配合公司及部门的各项改革与优化工作，主动提出合理化建议，助力提升工作效率和团队效能。
- 完成其他与岗位相关的临时性工作任务。","职位目标
秉持公司核心价值观，立足岗位本职，高效完成各项工作任务，积极配合团队协作，助力部门目标达成与公司长远发展，主动提升自身专业能力，为团队创造价值、为公司发展赋能。
岗位职责
- 严格遵守公司各项规章制度、工作流程及操作规范，坚守职业操守，保障工作有序开展。
- 高效完成上级交办的各项工作任务，做到及时响应、认真落实、按时反馈，确保工作质量与效率。
- 主动对接内外部相关协作人员，做好沟通协调工作，及时解决工作中出现的问题，推动工作顺利推进。
- 积极参与团队建设与部门各项活动，主动分享工作经验，配合团队完成协作任务，营造积极向上的团队氛围。
- 持续学习岗位相关专业知识、技能及行业前沿动态，不断提升自身业务能力和综合素养，适应岗位发展需求。
- 负责岗位相关工作资料的整理、归档与保管，确保资料的完整性、准确性和安全性。
- 积极配合公司及部门的各项改革与优化工作，主动提出合理化建议，助力提升工作效率和团队效能。
- 完成其他与岗位相关的临时性工作任务。",,"- 严格遵守公司各项规章制度、工作流程及操作规范，坚守职业操守，保障工作有序开展。
- 高效完成上级交办的各项工作任务，做到及时响应、认真落实、按时反馈，确保工作质量与效率。
- 主动对接内外部相关协作人员，做好沟通协调工作，及时解决工作中出现的问题，推动工作顺利推进。
- 积极参与团队建设与部门各项活动，主动分享工作经验，配合团队完成协作任务，营造积极向上的团队氛围。
- 持续学习岗位相关专业知识、技能及行业前沿动态，不断提升自身业务能力和综合素养，适应岗位发展需求。
- 负责岗位相关工作资料的整理、归档与保管，确保资料的完整性、准确性和安全性。
- 积极配合公司及部门的各项改革与优化工作，主动提出合理化建议，助力提升工作效率和团队效能。
- 完成其他与岗位相关的临时性工作任务。",长远发展,,,,,,job_description,skill_candidate_missing
12,zhaopin,2026-06-25.1,2026-06-18.1;2026-06-22.1+sha256:b9b87316,2026-06-18.1;2026-06-22.1+sha256:4b6deb61,数据开发工程师,武汉,736,40859957207,http://jobs.zhaopin.com/CCL1525399570J40859957207.htm,2026-06-29T08:58:58,ecc2991d26a0d1b1,26af20c95ef09699,数据开发,众前行(重庆)人力资源有限公司,武汉,江岸,1-1.5万,10000,15000,12,大专,大专,1-3年,1-3年,1,3,区间,全职,人力资源,20-99人,,2026-06-28,2026-06-28 09:44:00,,,not_provided,计算机|统计学|数学,计算机类|统计学|数学,计算机类=>工学 || 统计学=>理学 || 数学=>理学,要求,计算机类=>1. 大专及以上学历，计算机、统计学、数学等相关专业，具备扎实的数据分析与开发基础 || 统计学=>1. 大专及以上学历，计算机、统计学、数学等相关专业，具备扎实的数据分析与开发基础 || 数学=>1. 大专及以上学历，计算机、统计学、数学等相关专业，具备扎实的数据分析与开发基础,description,仅依据岗位正文中的专业要求语境抽取,"工作职责
1. 负责人力资源数据仓库的设计与建设，构建统一的数据模型，支撑招聘、薪酬、绩效等核心业务的数据需求。
2. 开发并维护数据ETL流程，保障数据的准确性、完整性与及时性，解决数据清洗、转换中的复杂问题。
3. 基于业务场景设计数据可视化报表与分析工具，为业务团队提供数据洞察与决策支持。
4. 参与数据治理体系建设，制定数据标准与规范，提升数据质量与管理效率。
任职要求
1. 大专及以上学历，计算机、统计学、数学等相关专业，具备扎实的数据分析与开发基础。
2. 精通SQL，熟悉至少一种数据开发工具（如Hive、Spark、Flink），掌握Python或Java等编程语言。
3. 具备数据仓库建模经验，了解维度建模、星型模型等设计方法，能独立完成数据模型设计。
4. 有较强的业务理解能力，能快速将人力资源业务需求转化为数据解决方案。
5. 具备良好的沟通协作能力与问题解决能力，能跨团队推动数据项目落地。","工作职责
1. 负责人力资源数据仓库的设计与建设，构建统一的数据模型，支撑招聘、薪酬、绩效等核心业务的数据需求。
2. 开发并维护数据ETL流程，保障数据的准确性、完整性与及时性，解决数据清洗、转换中的复杂问题。
3. 基于业务场景设计数据可视化报表与分析工具，为业务团队提供数据洞察与决策支持。
4. 参与数据治理体系建设，制定数据标准与规范，提升数据质量与管理效率。
任职要求
1. 大专及以上学历，计算机、统计学、数学等相关专业，具备扎实的数据分析与开发基础。
2. 精通SQL，熟悉至少一种数据开发工具（如Hive、Spark、Flink），掌握Python或Java等编程语言。
3. 具备数据仓库建模经验，了解维度建模、星型模型等设计方法，能独立完成数据模型设计。
4. 有较强的业务理解能力，能快速将人力资源业务需求转化为数据解决方案。
5. 具备良好的沟通协作能力与问题解决能力，能跨团队推动数据项目落地。","1. 大专及以上学历，计算机、统计学、数学等相关专业，具备扎实的数据分析与开发基础。
2. 精通SQL，熟悉至少一种数据开发工具（如Hive、Spark、Flink），掌握Python或Java等编程语言。
3. 具备数据仓库建模经验，了解维度建模、星型模型等设计方法，能独立完成数据模型设计。
4. 有较强的业务理解能力，能快速将人力资源业务需求转化为数据解决方案。
5. 具备良好的沟通协作能力与问题解决能力，能跨团队推动数据项目落地。","1. 负责人力资源数据仓库的设计与建设，构建统一的数据模型，支撑招聘、薪酬、绩效等核心业务的数据需求。
2. 开发并维护数据ETL流程，保障数据的准确性、完整性与及时性，解决数据清洗、转换中的复杂问题。
3. 基于业务场景设计数据可视化报表与分析工具，为业务团队提供数据洞察与决策支持。
4. 参与数据治理体系建设，制定数据标准与规范，提升数据质量与管理效率。",数据治理|数据建模|ETL|Sql|Python|Java|Spark|Flink|人力资源数据服务|数据可视化报表开发|跨团队项目推动|大专|1-3年,Python|SQL|Spark|数据仓库|Java|Hive|Flink|ETL|数据治理|数据建模|数据可视化,Python|SQL|Spark|数据仓库|Java|Hive|Flink|数据建模,Python|SQL|Spark|数据仓库|Java|Hive|Flink|数据建模,Python=>编程语言 || SQL=>查询语言 || Spark=>大数据框架 || 数据仓库=>数据工程 || Java=>编程语言 || Hive=>大数据框架 || Flink=>大数据框架 || 数据建模=>数据工程,"Python=>。
2. 精通SQL，熟悉至少一种数据开发工具（如Hive、Spark、Flink），掌握Python或Java等编程语言。
3. 具备数据仓库建模经验，了解维度建模、星型模型等设计方法，能独 || SQL=>大专及以上学历，计算机、统计学、数学等相关专业，具备扎实的数据分析与开发基础。
2. 精通SQL，熟悉至少一种数据开发工具（如Hive、Spark、Flink），掌握Python或Jav || Spark=>，具备扎实的数据分析与开发基础。
2. 精通SQL，熟悉至少一种数据开发工具（如Hive、Spark、Flink），掌握Python或Java等编程语言。
3. 具备数据仓库建模经验，了解维 || 数据仓库=>（如Hive、Spark、Flink），掌握Python或Java等编程语言。
3. 具备数据仓库建模经验，了解维度建模、星型模型等设计方法，能独立完成数据模型设计。
4. 有较强的业务理 || Java=>SQL，熟悉至少一种数据开发工具（如Hive、Spark、Flink），掌握Python或Java等编程语言。
3. 具备数据仓库建模经验，了解维度建模、星型模型等设计方法，能独立完成数据 || Hive=>等相关专业，具备扎实的数据分析与开发基础。
2. 精通SQL，熟悉至少一种数据开发工具（如Hive、Spark、Flink），掌握Python或Java等编程语言。
3. 具备数据仓库建模 || Flink=>数据分析与开发基础。
2. 精通SQL，熟悉至少一种数据开发工具（如Hive、Spark、Flink），掌握Python或Java等编程语言。
3. 具备数据仓库建模经验，了解维度建模、星型 || 数据建模=>k、Flink），掌握Python或Java等编程语言。
3. 具备数据仓库建模经验，了解维度建模、星型模型等设计方法，能独立完成数据模型设计。
4. 有较强的业务理解能力，能快速将人力资",requirement_text,
13,zhaopin,2026-06-25.1,2026-06-18.1;2026-06-22.1+sha256:b9b87316,2026-06-18.1;2026-06-22.1+sha256:4b6deb61,数据开发工程师,武汉,736,41001858604,http://jobs.zhaopin.com/CC716548080J41001858604.htm,2026-06-29T08:58:58,8e9ed96cf4c654e5,9131b51360fb20c2,数据开发A3岗,上海策贸科技有限公司,武汉,江夏,8000-10000元,8000,10000,12,本科,本科,3-5年,3-5年,3,5,区间,全职,软件/IT服务,20-99人,,2026-06-27,2026-06-27 01:12:22,,,not_provided,计算机,计算机类,计算机类=>工学,相关专业优先,"计算机类=>1.本科及以上学历，计算机相关专业
2.3年以上数据仓库架构和大数据系统开发设计经验，有实际大数据平台建设经验者优先",description,仅依据岗位正文中的专业要求语境抽取,"任职要求：
1.本科及以上学历，计算机相关专业；
2.3年以上数据仓库架构和大数据系统开发设计经验，有实际大数据平台建设经验者优先；
3.熟悉大数据相关组件如：Hadoop/HBase/ZK/Spark/Kafka/Flink/ElasticSearch等的架构和内部技术细节，具有研发和定制优化能力；
4.熟悉oracle、mysql、MongoDB等数据库；
5.熟悉数据仓库模型的设计，分层设计原理，并结合大数据技术设计处理模型；
6.具备良好的学习能力和分析解决问题能力，责任心强；具有良好的团队合作意识、沟通能力和协调能力。","任职要求：
1.本科及以上学历，计算机相关专业；
2.3年以上数据仓库架构和大数据系统开发设计经验，有实际大数据平台建设经验者优先；
3.熟悉大数据相关组件如：Hadoop/HBase/ZK/Spark/Kafka/Flink/ElasticSearch等的架构和内部技术细节，具有研发和定制优化能力；
4.熟悉oracle、mysql、MongoDB等数据库；
5.熟悉数据仓库模型的设计，分层设计原理，并结合大数据技术设计处理模型；
6.具备良好的学习能力和分析解决问题能力，责任心强；具有良好的团队合作意识、沟通能力和协调能力。","1.本科及以上学历，计算机相关专业；
2.3年以上数据仓库架构和大数据系统开发设计经验，有实际大数据平台建设经验者优先；
3.熟悉大数据相关组件如：Hadoop/HBase/ZK/Spark/Kafka/Flink/ElasticSearch等的架构和内部技术细节，具有研发和定制优化能力；
4.熟悉oracle、mysql、MongoDB等数据库；
5.熟悉数据仓库模型的设计，分层设计原理，并结合大数据技术设计处理模型；
6.具备良好的学习能力和分析解决问题能力，责任心强；具有良好的团队合作意识、沟通能力和协调能力。",任职要求：,数据治理|数据架构|本科|3-5年,Spark|数据仓库|MySQL|Oracle|MongoDB|Elasticsearch|Hadoop|Flink|Kafka|HBase,Spark|数据仓库|MySQL|Oracle|MongoDB|Elasticsearch|Hadoop|Flink|Kafka|HBase,Spark|数据仓库|MySQL|Oracle|MongoDB|Elasticsearch|Hadoop|Flink|Kafka|HBase,Spark=>大数据框架 || 数据仓库=>数据工程 || MySQL=>数据库 || Oracle=>数据库 || MongoDB=>数据库 || Elasticsearch=>搜索与分析引擎 || Hadoop=>大数据框架 || Flink=>大数据框架 || Kafka=>消息与流处理 || HBase=>数据库,"Spark=>实际大数据平台建设经验者优先；
3.熟悉大数据相关组件如：Hadoop/HBase/ZK/Spark/Kafka/Flink/ElasticSearch等的架构和内部技术细节，具有研发和定制 || 数据仓库=>1.本科及以上学历，计算机相关专业；
2.3年以上数据仓库架构和大数据系统开发设计经验，有实际大数据平台建设经验者优先；
3.熟悉大数据相关组件如： || MySQL=>ticSearch等的架构和内部技术细节，具有研发和定制优化能力；
4.熟悉oracle、mysql、MongoDB等数据库；
5.熟悉数据仓库模型的设计，分层设计原理，并结合大数据技术设计 || Oracle=>nk/ElasticSearch等的架构和内部技术细节，具有研发和定制优化能力；
4.熟悉oracle、mysql、MongoDB等数据库；
5.熟悉数据仓库模型的设计，分层设计原理，并结合大 || MongoDB=>rch等的架构和内部技术细节，具有研发和定制优化能力；
4.熟悉oracle、mysql、MongoDB等数据库；
5.熟悉数据仓库模型的设计，分层设计原理，并结合大数据技术设计处理模型；
6. || Elasticsearch=>熟悉大数据相关组件如：Hadoop/HBase/ZK/Spark/Kafka/Flink/ElasticSearch等的架构和内部技术细节，具有研发和定制优化能力；
4.熟悉oracle、mysql、Mon || Hadoop=>架构和大数据系统开发设计经验，有实际大数据平台建设经验者优先；
3.熟悉大数据相关组件如：Hadoop/HBase/ZK/Spark/Kafka/Flink/ElasticSearch等的架构 || Flink=>优先；
3.熟悉大数据相关组件如：Hadoop/HBase/ZK/Spark/Kafka/Flink/ElasticSearch等的架构和内部技术细节，具有研发和定制优化能力；
4.熟悉or || Kafka=>台建设经验者优先；
3.熟悉大数据相关组件如：Hadoop/HBase/ZK/Spark/Kafka/Flink/ElasticSearch等的架构和内部技术细节，具有研发和定制优化能力； || HBase=>统开发设计经验，有实际大数据平台建设经验者优先；
3.熟悉大数据相关组件如：Hadoop/HBase/ZK/Spark/Kafka/Flink/ElasticSearch等的架构和内部技术细",requirement_text,
14,zhaopin,2026-06-25.1,2026-06-18.1;2026-06-22.1+sha256:b9b87316,2026-06-18.1;2026-06-22.1+sha256:4b6deb61,数据开发工程师,武汉,736,40877169005,http://jobs.zhaopin.com/CC273877480J40877169005.htm,2026-06-29T08:59:01,6a424ea5e6b94b20,11cc02fc6fa639ef,新能源高压线束数据开发,上海华驿汽车技术有限公司,武汉,汉阳,1.5-2万,15000,20000,12,大专,大专,5-10年,5-10年,5,10,区间,全职,汽车后市场,100-299人,民营,2026-06-26,2026-06-26 17:51:25,,,not_provided,,,,未说明,,not_specified,岗位正文未识别到明确专业要求,"1）高压线束及附件设计及布置服务支持交付物：
2）高压线束图纸和数据发布，3D 数据 DMU、ECR 问题关闭率 100%，
3）2D 数据准确性 100%
4）装车方案和问题整改计划书等，对策有效率 100%
5）线束及附件图纸数据检查报告等
6）输出日常工作日志","1）高压线束及附件设计及布置服务支持交付物：
2）高压线束图纸和数据发布，3D 数据 DMU、ECR 问题关闭率 100%，
3）2D 数据准确性 100%
4）装车方案和问题整改计划书等，对策有效率 100%
5）线束及附件图纸数据检查报告等
6）输出日常工作日志",,"1）高压线束及附件设计及布置服务支持交付物：
2）高压线束图纸和数据发布，3D 数据 DMU、ECR 问题关闭率 100%，
3）2D 数据准确性 100%
4）装车方案和问题整改计划书等，对策有效率 100%
5）线束及附件图纸数据检查报告等
6）输出日常工作日志",汽车线束|高压线束|低压线束|CATIA|大专|5-10年|新能源/燃油整车研发制造|新能源/燃油车零部件,,,,,,job_description,skill_candidate_missing
15,zhaopin,2026-06-25.1,2026-06-18.1;2026-06-22.1+sha256:b9b87316,2026-06-18.1;2026-06-22.1+sha256:4b6deb61,数据开发工程师,武汉,736,40804767008,http://jobs.zhaopin.com/CC201864180J40804767008.htm,2026-06-29T08:59:01,2d67711bc88fa47d,365cb579acf34907,数据工程师,福州众致力信息科技有限公司,武汉,江夏,8000-15000元,8000,15000,12,本科,本科,3-5年,3-5年,3,5,区间,全职,软件/IT服务,20-99人,民营,2026-06-26,2026-06-26 01:22:35,,,not_provided,计算机|数学|电子信息,计算机类|数学|电子信息类,计算机类=>工学 || 数学=>理学 || 电子信息类=>工学,相关专业优先,"计算机类=>岗位要求： 1.统考统招本科及以上学历，计算机、数学或者电子信息技术专业，2年以上BI从业经验
10.有银行商业智能、数据仓库、风险控制 || 数学=>岗位要求： 1.统考统招本科及以上学历，计算机、数学或者电子信息技术专业，2年以上BI从业经验
10.有银行商业智能、数据仓库、风险控制等项目 || 电子信息类=>岗位要求： 1.统考统招本科及以上学历，计算机、数学或者电子信息技术专业，2年以上BI从业经验
10.有银行商业智能、数据仓库、风险控制等项目ETL实施经",description,仅依据岗位正文中的专业要求语境抽取,"岗位职责： 1.负责区域内项目的数据处理、系统运维及展现工作，包括理解客户需求，需求分析，方案设计 开发功能设计、开发测试、客户培训、性能优化和系统巡检等工作； 2.协助数据仓库架构师制定数据处理和业务个性化规范； 3.针对系统的数据抽取和DW建模； 4.有计划的提升整个团队的数据处理能力。
岗位要求： 1.统考统招本科及以上学历，计算机、数学或者电子信息技术专业，2年以上BI从业经验； 2.熟悉数据仓库架构及原理，熟悉UNIX/LINUX系统； 3.熟悉数据ETL原理，熟悉Oracle或者DB2数据库，熟悉shell脚本、存储过程、视图和函数； 4.熟练应用Datastage等ETL工具 ； 5.有数据迁移经验、对数据敏感，有数据核对和数据问题处理经验； 6.熟悉银行业务； 7.忠诚、勤奋，对工作有责任感和团队精神，能够在压力下工作； 8.熟悉面向对象编程技术，良好的学习能力和逻辑思维能力； 9.良好的沟通表达（口头及书面）和文档交付能力； 10.有银行商业智能、数据仓库、风险控制等项目ETL实施经验者优先； 11.能接受中短期出差的优先考虑。","岗位职责： 1.负责区域内项目的数据处理、系统运维及展现工作，包括理解客户需求，需求分析，方案设计 开发功能设计、开发测试、客户培训、性能优化和系统巡检等工作； 2.协助数据仓库架构师制定数据处理和业务个性化规范； 3.针对系统的数据抽取和DW建模； 4.有计划的提升整个团队的数据处理能力。
岗位要求： 1.统考统招本科及以上学历，计算机、数学或者电子信息技术专业，2年以上BI从业经验； 2.熟悉数据仓库架构及原理，熟悉UNIX/LINUX系统； 3.熟悉数据ETL原理，熟悉Oracle或者DB2数据库，熟悉shell脚本、存储过程、视图和函数； 4.熟练应用Datastage等ETL工具 ； 5.有数据迁移经验、对数据敏感，有数据核对和数据问题处理经验； 6.熟悉银行业务； 7.忠诚、勤奋，对工作有责任感和团队精神，能够在压力下工作； 8.熟悉面向对象编程技术，良好的学习能力和逻辑思维能力； 9.良好的沟通表达（口头及书面）和文档交付能力； 10.有银行商业智能、数据仓库、风险控制等项目ETL实施经验者优先； 11.能接受中短期出差的优先考虑。",1.统考统招本科及以上学历，计算机、数学或者电子信息技术专业，2年以上BI从业经验； 2.熟悉数据仓库架构及原理，熟悉UNIX/LINUX系统； 3.熟悉数据ETL原理，熟悉Oracle或者DB2数据库，熟悉shell脚本、存储过程、视图和函数； 4.熟练应用Datastage等ETL工具 ； 5.有数据迁移经验、对数据敏感，有数据核对和数据问题处理经验； 6.熟悉银行业务； 7.忠诚、勤奋，对工作有责任感和团队精神，能够在压力下工作； 8.熟悉面向对象编程技术，良好的学习能力和逻辑思维能力； 9.良好的沟通表达（口头及书面）和文档交付能力； 10.有银行商业智能、数据仓库、风险控制等项目ETL实施经验者优先； 11.能接受中短期出差的优先考虑。,1.负责区域内项目的数据处理、系统运维及展现工作，包括理解客户需求，需求分析，方案设计 开发功能设计、开发测试、客户培训、性能优化和系统巡检等工作； 2.协助数据仓库架构师制定数据处理和业务个性化规范； 3.针对系统的数据抽取和DW建模； 4.有计划的提升整个团队的数据处理能力。,Java|Kettle|Informatica|DataStage|DataX|Oracle|MySQL|数据开发|报表开发|本科|3-5年|计算机软件|软件/IT服务,数据仓库|Oracle|ETL|Linux|BI,数据仓库|Oracle|ETL|Linux|BI,数据仓库|Oracle|ETL|Linux|BI,数据仓库=>数据工程 || Oracle=>数据库 || ETL=>数据工程 || Linux=>操作系统 || BI=>数据分析方法,数据仓库=>统考统招本科及以上学历，计算机、数学或者电子信息技术专业，2年以上BI从业经验； 2.熟悉数据仓库架构及原理，熟悉UNIX/LINUX系统； 3.熟悉数据ETL原理，熟悉Oracle或者D || Oracle=>2.熟悉数据仓库架构及原理，熟悉UNIX/LINUX系统； 3.熟悉数据ETL原理，熟悉Oracle或者DB2数据库，熟悉shell脚本、存储过程、视图和函数； 4.熟练应用Datastag || ETL=>上BI从业经验； 2.熟悉数据仓库架构及原理，熟悉UNIX/LINUX系统； 3.熟悉数据ETL原理，熟悉Oracle或者DB2数据库，熟悉shell脚本、存储过程、视图和函数； 4.熟 || Linux=>学或者电子信息技术专业，2年以上BI从业经验； 2.熟悉数据仓库架构及原理，熟悉UNIX/LINUX系统； 3.熟悉数据ETL原理，熟悉Oracle或者DB2数据库，熟悉shell脚本、存储 || BI=>的学习能力和逻辑思维能力； 9.良好的沟通表达（口头及书面）和文档交付能力； 10.有银行商业智能、数据仓库、风险控制等项目ETL实施经验者优先； 11.能接受中短期出差的优先考虑。,requirement_text,
16,zhaopin,2026-06-25.1,2026-06-18.1;2026-06-22.1+sha256:b9b87316,2026-06-18.1;2026-06-22.1+sha256:4b6deb61,数据开发工程师,武汉,736,40808976216,http://jobs.zhaopin.com/CCL1503920060J40808976216.htm,2026-06-29T08:59:01,dcc87d1f1e95e17a,21eaab9122e528d0,数据开发（武汉）,杭州华奕智联科技有限公司,武汉,洪山,9000-13000元,9000,13000,12,本科,本科,1-3年,1-3年,1,3,区间,全职,政府/公共管理,20-99人,,2026-06-24,2026-06-24 02:00:08,,,not_provided,,,,未说明,,not_specified,岗位正文未识别到明确专业要求,"岗位职责:
1.有驻场且内网开发项目相关经验优先，本岗位为驻场岗位，公司只有项目非外包，前期在衢州，后期根据项目需求来派遣;
2. 简单沟通客户需求，设计并实现准备数据，配合后端开发
3. 参与数据模型设计及数据库开发任务
4. 进行数据处理逻辑的设计与实现
5. 完成数据校验、清洗及质量保障相关工作 任职要求：
1. 统招本科及以上学历，学信网可查；
2. 熟悉数据库原理，具备扎实的数据开发基础
3. 精通SQL语言，有postgres数据库实战经验最佳，会写存储过程，具备良好的编码规范
4. 具备较强的学习能力，能快速掌握新技术
5. 工作踏实，具备良好的沟通能力和团队协作意识","岗位职责:
1.有驻场且内网开发项目相关经验优先，本岗位为驻场岗位，公司只有项目非外包，前期在衢州，后期根据项目需求来派遣;
2. 简单沟通客户需求，设计并实现准备数据，配合后端开发
3. 参与数据模型设计及数据库开发任务
4. 进行数据处理逻辑的设计与实现
5. 完成数据校验、清洗及质量保障相关工作 任职要求：
1. 统招本科及以上学历，学信网可查；
2. 熟悉数据库原理，具备扎实的数据开发基础
3. 精通SQL语言，有postgres数据库实战经验最佳，会写存储过程，具备良好的编码规范
4. 具备较强的学习能力，能快速掌握新技术
5. 工作踏实，具备良好的沟通能力和团队协作意识",,"1.有驻场且内网开发项目相关经验优先，本岗位为驻场岗位，公司只有项目非外包，前期在衢州，后期根据项目需求来派遣;
2. 简单沟通客户需求，设计并实现准备数据，配合后端开发
3. 参与数据模型设计及数据库开发任务
4. 进行数据处理逻辑的设计与实现
5. 完成数据校验、清洗及质量保障相关工作 任职要求：
1. 统招本科及以上学历，学信网可查；
2. 熟悉数据库原理，具备扎实的数据开发基础
3. 精通SQL语言，有postgres数据库实战经验最佳，会写存储过程，具备良好的编码规范
4. 具备较强的学习能力，能快速掌握新技术
5. 工作踏实，具备良好的沟通能力和团队协作意识",存储过程|沟通能力强|Sql|Shell|PostgreSQL|数据库开发|数据仓库|本科|1-3年,SQL|数据建模,,SQL|数据建模,SQL=>查询语言 || 数据建模=>数据工程,"SQL=>统招本科及以上学历，学信网可查；
2. 熟悉数据库原理，具备扎实的数据开发基础
3. 精通SQL语言，有postgres数据库实战经验最佳，会写存储过程，具备良好的编码规范
4. 具备较 || 数据建模=>根据项目需求来派遣;
2. 简单沟通客户需求，设计并实现准备数据，配合后端开发
3. 参与数据模型设计及数据库开发任务
4. 进行数据处理逻辑的设计与实现
5. 完成数据校验、清洗及质量保",job_description,
17,zhaopin,2026-06-25.1,2026-06-18.1;2026-06-22.1+sha256:b9b87316,2026-06-18.1;2026-06-22.1+sha256:4b6deb61,数据开发工程师,武汉,736,40866705705,http://jobs.zhaopin.com/CCL1405333700J40866705705.htm,2026-06-29T08:59:01,6e3a397a9bbc72af,18e72846c8c3021e,数据开发-银行,北京捷科智诚科技有限公司上海分公司,武汉,洪山,1.2-1.5万,12000,15000,12,本科,本科,3-5年,3-5年,3,5,区间,全职,软件/IT服务,1000-9999人,民营,2026-06-23,2026-06-23 01:15:26,,,not_provided,,,,未说明,,not_specified,岗位正文未识别到明确专业要求,学信网统招本科学历，有数据湖，数据集市，数仓开发经验优先，能现场面试优先,学信网统招本科学历，有数据湖，数据集市，数仓开发经验优先，能现场面试优先,,学信网统招本科学历，有数据湖，数据集市，数仓开发经验优先，能现场面试优先,数据湖|数据集市|数仓开发|ETL|数据库开发|本科|3-5年,数据仓库|数据湖,,数据仓库|数据湖,数据仓库=>数据工程 || 数据湖=>数据工程,数据仓库=>学信网统招本科学历，有数据湖，数据集市，数仓开发经验优先，能现场面试优先 || 数据湖=>学信网统招本科学历，有数据湖，数据集市，数仓开发经验优先，能现场面试优先,job_description,
18,zhaopin,2026-06-25.1,2026-06-18.1;2026-06-22.1+sha256:b9b87316,2026-06-18.1;2026-06-22.1+sha256:4b6deb61,数据开发工程师,武汉,736,40884689713,http://jobs.zhaopin.com/CCL1219453930J40884689713.htm,2026-06-29T08:59:01,7907bdf95bf1c148,4913f938e3e7f626,数据开发（离线，线上面试）,阅动(广东)信息技术有限公司,武汉,洪山,1.2-1.3万,12000,13000,12,大专,大专,5-10年,5-10年,5,10,区间,全职,软件/IT服务,100-299人,民营,2026-06-18,2026-06-18 01:43:55,,,not_provided,计算机科学|统计学|数学,计算机类|统计学|数学,计算机类=>工学 || 统计学=>理学 || 数学=>理学,相关专业优先,"计算机类=>1.大专学历及以上，计算机科学、大数据、统计学、数学或相关专业背景
8.有大规模数据处理经验者优先 || 统计学=>1.大专学历及以上，计算机科学、大数据、统计学、数学或相关专业背景
8.有大规模数据处理经验者优先 || 数学=>1.大专学历及以上，计算机科学、大数据、统计学、数学或相关专业背景
8.有大规模数据处理经验者优先",description,仅依据岗位正文中的专业要求语境抽取,"1.大专学历及以上，计算机科学、大数据、统计学、数学或相关专业背景
2.至少5年以上大数据开发经验
3.精通关系型数据库sql，pl/sql开发，如Oracle、Mysql
4.熟悉大数据相关组件，熟练hivesql、spark开发
5.熟悉sqoop、kettle等相关ETL工具
6.具备较强的数据敏感度和逻辑思维能力，能够快速理解业务需求并转化为技术方案
7.具备良好的团队合作精神和沟通能力，能够主动学习新技术，解决工作中遇到的问题
8.有大规模数据处理经验者优先","1.大专学历及以上，计算机科学、大数据、统计学、数学或相关专业背景
2.至少5年以上大数据开发经验
3.精通关系型数据库sql，pl/sql开发，如Oracle、Mysql
4.熟悉大数据相关组件，熟练hivesql、spark开发
5.熟悉sqoop、kettle等相关ETL工具
6.具备较强的数据敏感度和逻辑思维能力，能够快速理解业务需求并转化为技术方案
7.具备良好的团队合作精神和沟通能力，能够主动学习新技术，解决工作中遇到的问题
8.有大规模数据处理经验者优先",,"1.大专学历及以上，计算机科学、大数据、统计学、数学或相关专业背景
2.至少5年以上大数据开发经验
3.精通关系型数据库sql，pl/sql开发，如Oracle、Mysql
4.熟悉大数据相关组件，熟练hivesql、spark开发
5.熟悉sqoop、kettle等相关ETL工具
6.具备较强的数据敏感度和逻辑思维能力，能够快速理解业务需求并转化为技术方案
7.具备良好的团队合作精神和沟通能力，能够主动学习新技术，解决工作中遇到的问题
8.有大规模数据处理经验者优先",ETL|数据库开发|数据中台开发|Sql|Spark|HiveSQL|Oracle|Kettle|大专|5-10年,SQL|Spark|MySQL|Oracle|ETL|Hive SQL|Sqoop|Kettle,,SQL|Spark|MySQL|Oracle|ETL|Hive SQL|Sqoop|Kettle,SQL=>查询语言 || Spark=>大数据框架 || MySQL=>数据库 || Oracle=>数据库 || ETL=>数据工程 || Hive SQL=>大数据框架 || Sqoop=>数据同步 || Kettle=>ETL工具,"SQL=>、大数据、统计学、数学或相关专业背景
2.至少5年以上大数据开发经验
3.精通关系型数据库sql，pl/sql开发，如Oracle、Mysql
4.熟悉大数据相关组件，熟练hivesql || Spark=>pl/sql开发，如Oracle、Mysql
4.熟悉大数据相关组件，熟练hivesql、spark开发
5.熟悉sqoop、kettle等相关ETL工具
6.具备较强的数据敏感度和逻辑思维 || MySQL=>至少5年以上大数据开发经验
3.精通关系型数据库sql，pl/sql开发，如Oracle、Mysql
4.熟悉大数据相关组件，熟练hivesql、spark开发
5.熟悉sqoop、kett || Oracle=>专业背景
2.至少5年以上大数据开发经验
3.精通关系型数据库sql，pl/sql开发，如Oracle、Mysql
4.熟悉大数据相关组件，熟练hivesql、spark开发
5.熟悉sqoo || ETL=>大数据相关组件，熟练hivesql、spark开发
5.熟悉sqoop、kettle等相关ETL工具
6.具备较强的数据敏感度和逻辑思维能力，能够快速理解业务需求并转化为技术方案
7.具 || Hive SQL=>型数据库sql，pl/sql开发，如Oracle、Mysql
4.熟悉大数据相关组件，熟练hivesql、spark开发
5.熟悉sqoop、kettle等相关ETL工具
6.具备较强的数据敏感 || Sqoop=>acle、Mysql
4.熟悉大数据相关组件，熟练hivesql、spark开发
5.熟悉sqoop、kettle等相关ETL工具
6.具备较强的数据敏感度和逻辑思维能力，能够快速理解业务需 || Kettle=>ysql
4.熟悉大数据相关组件，熟练hivesql、spark开发
5.熟悉sqoop、kettle等相关ETL工具
6.具备较强的数据敏感度和逻辑思维能力，能够快速理解业务需求并转化为技术",job_description,
19,zhaopin,2026-06-25.1,2026-06-18.1;2026-06-22.1+sha256:b9b87316,2026-06-18.1;2026-06-22.1+sha256:4b6deb61,数据开发工程师,武汉,736,40999072704,http://jobs.zhaopin.com/CC816996730J40999072704.htm,2026-06-29T08:59:01,5c26179c8dac0f5f,ef6cba78a8e1a847,数据开发,亚信万联科技(南京)有限公司,武汉,东西湖,7000-10000元,7000,10000,12,本科,本科,1-3年,1-3年,1,3,区间,全职,软件/IT服务,100-299人,民营,2026-06-11,2026-06-11 01:12:15,,,not_provided,,,,未说明,,not_specified,岗位正文未识别到明确专业要求,"数据开发工程师
一、岗位职责
实时数据中台建设：
负责基于主流大数据技术栈构建高性能的实时计算平台，涵盖实时数据接入、流式任务开发以及高并发数据的存储与检索，确保数据处理的低延迟与高可用性。
数据治理与血缘分析：
执行全流程的数据治理工作，通过对 SQL 脚本的深度解析，建立并维护全链路的数据血缘关系，保障数据从来源到应用的可追溯性和模型逻辑的严谨性。","数据开发工程师
一、岗位职责
实时数据中台建设：
负责基于主流大数据技术栈构建高性能的实时计算平台，涵盖实时数据接入、流式任务开发以及高并发数据的存储与检索，确保数据处理的低延迟与高可用性。
数据治理与血缘分析：
执行全流程的数据治理工作，通过对 SQL 脚本的深度解析，建立并维护全链路的数据血缘关系，保障数据从来源到应用的可追溯性和模型逻辑的严谨性。",,"实时数据中台建设：
负责基于主流大数据技术栈构建高性能的实时计算平台，涵盖实时数据接入、流式任务开发以及高并发数据的存储与检索，确保数据处理的低延迟与高可用性。
数据治理与血缘分析：
执行全流程的数据治理工作，通过对 SQL 脚本的深度解析，建立并维护全链路的数据血缘关系，保障数据从来源到应用的可追溯性和模型逻辑的严谨性。",Hadoop|本科|1-3年,SQL|数据仓库|数据治理,,SQL|数据仓库|数据治理,SQL=>查询语言 || 数据仓库=>数据工程 || 数据治理=>数据工程,"SQL=>确保数据处理的低延迟与高可用性。
数据治理与血缘分析：
执行全流程的数据治理工作，通过对 SQL 脚本的深度解析，建立并维护全链路的数据血缘关系，保障数据从来源到应用的可追溯性和模型逻辑 || 数据仓库=>数据开发工程师
一、岗位职责
实时数据中台建设：
负责基于主流大数据技术栈构建高性能的实时计算平台，涵盖实时数据接入、流式任务开发以 || 数据治理=>盖实时数据接入、流式任务开发以及高并发数据的存储与检索，确保数据处理的低延迟与高可用性。
数据治理与血缘分析：
执行全流程的数据治理工作，通过对 SQL 脚本的深度解析，建立并维护全链路的",job_description,
20,zhaopin,2026-06-25.1,2026-06-18.1;2026-06-22.1+sha256:b9b87316,2026-06-18.1;2026-06-22.1+sha256:4b6deb61,数据开发工程师,武汉,736,40782588310,http://jobs.zhaopin.com/CC450650120J40782588310.htm,2026-06-29T08:59:01,64644734ffd42193,6bcf3ca7c93fe623,软件开发岗（数据开发方向）,九江银行,武汉,江夏,1-2万,10000,20000,12,本科,本科,3-5年,3-5年,3,5,区间,全职,银行,1000-9999人,银行,2026-06-10,2026-06-10 01:35:28,,,not_provided,计算机,计算机类,计算机类=>工学,相关专业优先,"计算机类=>1.初始学历为本科及以上，计算机等相关专业优先
4.同等条件下，具有银行业务相关系统开发经验者，熟悉银行存款、贷款业务开发",description,仅依据岗位正文中的专业要求语境抽取,"岗位职责:
1.与业务部门保持沟通，了解项目整体需求，负责数据平台的需求分析工作；
2.负责数据平台相关系统架构、方案设计、开发实施等工作；
3.负责大数据平台数据仓库相关数据类需求的开发与数据支撑服务工作；
4.完成上级领导交办的其他工作事项。

任职要求:
1.初始学历为本科及以上，计算机等相关专业优先；
2.
3.具有3年及以上数据仓库、大数据平台、湖仓一体等项目开发经验；熟悉大数据平台相关架构与技术栈，有过数据集市、数据建模经验，熟练掌握Oracle、Hive、GaussDB等主流数据库，熟悉linux命令、PL/SQL、Shell、存储过程、Perl等开发技术；
4.同等条件下，具有银行业务相关系统开发经验者，熟悉银行存款、贷款业务开发经验者优先；
5.特别优秀者可适当放宽条件。","岗位职责:
1.与业务部门保持沟通，了解项目整体需求，负责数据平台的需求分析工作；
2.负责数据平台相关系统架构、方案设计、开发实施等工作；
3.负责大数据平台数据仓库相关数据类需求的开发与数据支撑服务工作；
4.完成上级领导交办的其他工作事项。

任职要求:
1.初始学历为本科及以上，计算机等相关专业优先；
2.
3.具有3年及以上数据仓库、大数据平台、湖仓一体等项目开发经验；熟悉大数据平台相关架构与技术栈，有过数据集市、数据建模经验，熟练掌握Oracle、Hive、GaussDB等主流数据库，熟悉linux命令、PL/SQL、Shell、存储过程、Perl等开发技术；
4.同等条件下，具有银行业务相关系统开发经验者，熟悉银行存款、贷款业务开发经验者优先；
5.特别优秀者可适当放宽条件。","1.初始学历为本科及以上，计算机等相关专业优先；
2.
3.具有3年及以上数据仓库、大数据平台、湖仓一体等项目开发经验；熟悉大数据平台相关架构与技术栈，有过数据集市、数据建模经验，熟练掌握Oracle、Hive、GaussDB等主流数据库，熟悉linux命令、PL/SQL、Shell、存储过程、Perl等开发技术；
4.同等条件下，具有银行业务相关系统开发经验者，熟悉银行存款、贷款业务开发经验者优先；
5.特别优秀者可适当放宽条件。","1.与业务部门保持沟通，了解项目整体需求，负责数据平台的需求分析工作；
2.负责数据平台相关系统架构、方案设计、开发实施等工作；
3.负责大数据平台数据仓库相关数据类需求的开发与数据支撑服务工作；
4.完成上级领导交办的其他工作事项。",数据开发|本科|3-5年,SQL|数据仓库|Oracle|Hive|数据建模|Linux|数据湖,SQL|数据仓库|Oracle|Hive|数据建模|Linux|数据湖,SQL|数据仓库|Oracle|Hive|数据建模|Linux|数据湖,SQL=>查询语言 || 数据仓库=>数据工程 || Oracle=>数据库 || Hive=>大数据框架 || 数据建模=>数据工程 || Linux=>操作系统 || 数据湖=>数据工程,"SQL=>验，熟练掌握Oracle、Hive、GaussDB等主流数据库，熟悉linux命令、PL/SQL、Shell、存储过程、Perl等开发技术；
4.同等条件下，具有银行业务相关系统开发经验 || 数据仓库=>1.初始学历为本科及以上，计算机等相关专业优先；
2.
3.具有3年及以上数据仓库、大数据平台、湖仓一体等项目开发经验；熟悉大数据平台相关架构与技术栈，有过数据集市、数据建 || Oracle=>仓一体等项目开发经验；熟悉大数据平台相关架构与技术栈，有过数据集市、数据建模经验，熟练掌握Oracle、Hive、GaussDB等主流数据库，熟悉linux命令、PL/SQL、Shell、存储 || Hive=>发经验；熟悉大数据平台相关架构与技术栈，有过数据集市、数据建模经验，熟练掌握Oracle、Hive、GaussDB等主流数据库，熟悉linux命令、PL/SQL、Shell、存储过程、Pe || 数据建模=>据仓库、大数据平台、湖仓一体等项目开发经验；熟悉大数据平台相关架构与技术栈，有过数据集市、数据建模经验，熟练掌握Oracle、Hive、GaussDB等主流数据库，熟悉linux命令、PL || Linux=>过数据集市、数据建模经验，熟练掌握Oracle、Hive、GaussDB等主流数据库，熟悉linux命令、PL/SQL、Shell、存储过程、Perl等开发技术；
4.同等条件下，具有银行业 || 数据湖=>始学历为本科及以上，计算机等相关专业优先；
2.
3.具有3年及以上数据仓库、大数据平台、湖仓一体等项目开发经验；熟悉大数据平台相关架构与技术栈，有过数据集市、数据建模经验，熟练掌握Ora",requirement_text,
21,zhaopin,2026-06-25.1,2026-06-18.1;2026-06-22.1+sha256:b9b87316,2026-06-18.1;2026-06-22.1+sha256:4b6deb61,数据开发工程师,武汉,736,40778148916,http://jobs.zhaopin.com/CC000432190J40778148916.htm,2026-06-29T08:59:04,4404a88c124dda39,3f70073e49f0d3a7,数据开发（光谷）(J15001),先进数通,武汉,江夏,8000-11000元,8000,11000,12,本科,本科,经验不限,经验不限,,,不限,全职,软件/IT服务,1000-9999人,股份制企业,2025-12-03,2025-12-03 09:47:37,,,not_provided,计算机,计算机类,计算机类=>工学,相关专业优先,"计算机类=>岗位职责: 1、有相关工作经验 2、计算机相关专业，有志于长期从事IT行业
6、完成上级领导安排的其他工作 任职要求: 1、统招本科",description,仅依据岗位正文中的专业要求语境抽取,岗位职责: 1、有相关工作经验 2、计算机相关专业，有志于长期从事IT行业; 3、有较强的沟通能力和学习能力: 4、能够按时完成项目经理分配的学习和工作任务; 5、主动积累学习工作相关的技术和业务知识; 6、完成上级领导安排的其他工作 任职要求: 1、统招本科及以上学历； 2、具备3年以上金融业务工作经验； 3、有过ODS、数据仓库、数据建模，或相关工作经验； 4、熟悉PL/SQL、Shell、存储过程、Perl等开发技术。 熟悉主流数据库(oracle，DB2，mysql)、熟悉SQL、存储过程及优化方法； 5、熟悉LINUX或UNIX等操作系统； 6、熟悉主流ETL工具，例如DataStage、kettle等； 7、熟悉银行业湖仓的分层架构，熟悉大数据平台优先。,岗位职责: 1、有相关工作经验 2、计算机相关专业，有志于长期从事IT行业; 3、有较强的沟通能力和学习能力: 4、能够按时完成项目经理分配的学习和工作任务; 5、主动积累学习工作相关的技术和业务知识; 6、完成上级领导安排的其他工作 任职要求: 1、统招本科及以上学历； 2、具备3年以上金融业务工作经验； 3、有过ODS、数据仓库、数据建模，或相关工作经验； 4、熟悉PL/SQL、Shell、存储过程、Perl等开发技术。 熟悉主流数据库(oracle，DB2，mysql)、熟悉SQL、存储过程及优化方法； 5、熟悉LINUX或UNIX等操作系统； 6、熟悉主流ETL工具，例如DataStage、kettle等； 7、熟悉银行业湖仓的分层架构，熟悉大数据平台优先。,,1、有相关工作经验 2、计算机相关专业，有志于长期从事IT行业; 3、有较强的沟通能力和学习能力: 4、能够按时完成项目经理分配的学习和工作任务; 5、主动积累学习工作相关的技术和业务知识; 6、完成上级领导安排的其他工作 任职要求: 1、统招本科及以上学历； 2、具备3年以上金融业务工作经验； 3、有过ODS、数据仓库、数据建模，或相关工作经验； 4、熟悉PL/SQL、Shell、存储过程、Perl等开发技术。 熟悉主流数据库(oracle，DB2，mysql)、熟悉SQL、存储过程及优化方法； 5、熟悉LINUX或UNIX等操作系统； 6、熟悉主流ETL工具，例如DataStage、kettle等； 7、熟悉银行业湖仓的分层架构，熟悉大数据平台优先。,ETL|数据库开发|Sql|Hadoop|Flink|Spark|银行|本科,SQL|数据仓库|MySQL|Oracle|ETL|数据建模|Linux|Kettle,,SQL|数据仓库|MySQL|Oracle|ETL|数据建模|Linux|Kettle,SQL=>查询语言 || 数据仓库=>数据工程 || MySQL=>数据库 || Oracle=>数据库 || ETL=>数据工程 || 数据建模=>数据工程 || Linux=>操作系统 || Kettle=>ETL工具,SQL=>上金融业务工作经验； 3、有过ODS、数据仓库、数据建模，或相关工作经验； 4、熟悉PL/SQL、Shell、存储过程、Perl等开发技术。 熟悉主流数据库(oracle，DB2，mys || 数据仓库=>任职要求: 1、统招本科及以上学历； 2、具备3年以上金融业务工作经验； 3、有过ODS、数据仓库、数据建模，或相关工作经验； 4、熟悉PL/SQL、Shell、存储过程、Perl等开发技 || MySQL=>SQL、Shell、存储过程、Perl等开发技术。 熟悉主流数据库(oracle，DB2，mysql)、熟悉SQL、存储过程及优化方法； 5、熟悉LINUX或UNIX等操作系统； 6、熟悉主 || Oracle=>经验； 4、熟悉PL/SQL、Shell、存储过程、Perl等开发技术。 熟悉主流数据库(oracle，DB2，mysql)、熟悉SQL、存储过程及优化方法； 5、熟悉LINUX或UNIX等操 || ETL=>、熟悉SQL、存储过程及优化方法； 5、熟悉LINUX或UNIX等操作系统； 6、熟悉主流ETL工具，例如DataStage、kettle等； 7、熟悉银行业湖仓的分层架构，熟悉大数据平 || 数据建模=>1、统招本科及以上学历； 2、具备3年以上金融业务工作经验； 3、有过ODS、数据仓库、数据建模，或相关工作经验； 4、熟悉PL/SQL、Shell、存储过程、Perl等开发技术。 熟悉 || Linux=>主流数据库(oracle，DB2，mysql)、熟悉SQL、存储过程及优化方法； 5、熟悉LINUX或UNIX等操作系统； 6、熟悉主流ETL工具，例如DataStage、kettle等； || Kettle=>5、熟悉LINUX或UNIX等操作系统； 6、熟悉主流ETL工具，例如DataStage、kettle等； 7、熟悉银行业湖仓的分层架构，熟悉大数据平台优先。,job_description,
22,zhaopin,2026-06-25.1,2026-06-18.1;2026-06-22.1+sha256:b9b87316,2026-06-18.1;2026-06-22.1+sha256:4b6deb61,数据开发工程师,武汉,736,40318163901,http://jobs.zhaopin.com/CCL1256897760J40318163901.htm,2026-06-29T08:59:04,41a07d89449893ee,8abfbbf1dc3929ed,工业大数据工程师,开波特(武汉)人工智能有限公司,武汉,洪山,1.5-3万,15000,30000,12,本科,本科,3-5年,3-5年,3,5,区间,全职,人工智能,20-99人,民营,2025-11-10,2025-11-10 15:00:07,,,not_provided,物联网,物联网工程,物联网工程=>工学,相关专业优先,物联网工程=>云/华为云/AWS/Azure等大数据和其他Saas/PaaS服务等使用经验者优先，对开源物联网平台有深入研究优先,description,仅依据岗位正文中的专业要求语境抽取,"开波特人工智能有限公司是由加州大学伯克利分校教授、普渡大学教授、以及艾飞尔（硅谷）人工智能实验室专家组成的团队在中国创办的高端人工智能公司，是一家中国投资的内资企业。公司由中国总部和美国硅谷研发团队组成。主要业务是，通过创始人团队掌握的国际一流的人工智能技术，研发、设计和实施国际一流的人工智能解决方案，以实现开波特所追求的“智能工厂”、“智慧医疗”的全球愿景。由于开波特专家团队的国际一流的人工智能技术和丰富的产业应用经验，教育部学校规划建设发展中心于2020年8月2日正式指定开波特人工智能有限公司为教育部“高水平人工智能建设项目”的唯一技术提供方和实施方。

开波特人工智能有限公司计划在国内建设多个国际一流的“人工智能实验室”，与开波特位于美国硅谷的人工智能实验室一起，共同研发具有国际一流水平的人工智能解决方案。因此，作为开波特人工智能计划的一部分，我们正在寻找有激情和才华的工业大数据工程师。你将与开波特国际一流的技术团队一起，创建国际一流的解决方案。

职位描述：
1、负责参与AIoT平台的方案构建、架构设计与系统优化，持续提升IoT平台高并发、高可用、海量连接及交付能力;
2、负责AIoT平台的开发（包含技术框架、开发规范、平台接口、功能模块等）及部署运维，保证云平台系统高效运作;
3、负责构建支持PB级数据量、千百万级IOT终端接入架构和开发。
任职条件：
1、熟悉IOT相关技术趋势，熟悉国内外IoT平台现状，熟悉IoT硬件体系和云平台服务体系架构，有实际架构设计经验，有前瞻性的规划和落地实施方案和路径；
2、精通Java/Go/Python等语言，能独立完成复杂系统架构、设计以及编码工作；
3、掌握主流互联网技术栈，熟悉IO，多线程、分布式、缓存、MQ等机制，微服务开发框架、设计模式等主流互联网技术栈;
4、掌握TCP/IP底层通信原理，熟悉网络编程及常用IOT通信协议，如HTTP、CoAP/LWM2M、MQTT，UDP等；
5、精通主流关系数据库、时序数据库、NoSQL/NewSQL等数据库，有较强的数据库设计和开发能力,有数据库性能优化、分库分表设计的经验；
6、具备较强的沟通和逻辑表达能力，有清晰的问题解决思路，能够深入调查、攻克疑难杂症；
7、有阿里云/腾讯云/华为云/AWS/Azure等大数据和其他Saas/PaaS服务等使用经验者优先，对开源物联网平台有深入研究优先；
8．认可面向未来的IoT战略业务，热爱技术创新，有追求卓越的品质。","开波特人工智能有限公司是由加州大学伯克利分校教授、普渡大学教授、以及艾飞尔（硅谷）人工智能实验室专家组成的团队在中国创办的高端人工智能公司，是一家中国投资的内资企业。公司由中国总部和美国硅谷研发团队组成。主要业务是，通过创始人团队掌握的国际一流的人工智能技术，研发、设计和实施国际一流的人工智能解决方案，以实现开波特所追求的“智能工厂”、“智慧医疗”的全球愿景。由于开波特专家团队的国际一流的人工智能技术和丰富的产业应用经验，教育部学校规划建设发展中心于2020年8月2日正式指定开波特人工智能有限公司为教育部“高水平人工智能建设项目”的唯一技术提供方和实施方。

开波特人工智能有限公司计划在国内建设多个国际一流的“人工智能实验室”，与开波特位于美国硅谷的人工智能实验室一起，共同研发具有国际一流水平的人工智能解决方案。因此，作为开波特人工智能计划的一部分，我们正在寻找有激情和才华的工业大数据工程师。你将与开波特国际一流的技术团队一起，创建国际一流的解决方案。

职位描述：
1、负责参与AIoT平台的方案构建、架构设计与系统优化，持续提升IoT平台高并发、高可用、海量连接及交付能力;
2、负责AIoT平台的开发（包含技术框架、开发规范、平台接口、功能模块等）及部署运维，保证云平台系统高效运作;
3、负责构建支持PB级数据量、千百万级IOT终端接入架构和开发。
任职条件：
1、熟悉IOT相关技术趋势，熟悉国内外IoT平台现状，熟悉IoT硬件体系和云平台服务体系架构，有实际架构设计经验，有前瞻性的规划和落地实施方案和路径；
2、精通Java/Go/Python等语言，能独立完成复杂系统架构、设计以及编码工作；
3、掌握主流互联网技术栈，熟悉IO，多线程、分布式、缓存、MQ等机制，微服务开发框架、设计模式等主流互联网技术栈;
4、掌握TCP/IP底层通信原理，熟悉网络编程及常用IOT通信协议，如HTTP、CoAP/LWM2M、MQTT，UDP等；
5、精通主流关系数据库、时序数据库、NoSQL/NewSQL等数据库，有较强的数据库设计和开发能力,有数据库性能优化、分库分表设计的经验；
6、具备较强的沟通和逻辑表达能力，有清晰的问题解决思路，能够深入调查、攻克疑难杂症；
7、有阿里云/腾讯云/华为云/AWS/Azure等大数据和其他Saas/PaaS服务等使用经验者优先，对开源物联网平台有深入研究优先；
8．认可面向未来的IoT战略业务，热爱技术创新，有追求卓越的品质。","1、熟悉IOT相关技术趋势，熟悉国内外IoT平台现状，熟悉IoT硬件体系和云平台服务体系架构，有实际架构设计经验，有前瞻性的规划和落地实施方案和路径；
2、精通Java/Go/Python等语言，能独立完成复杂系统架构、设计以及编码工作；
3、掌握主流互联网技术栈，熟悉IO，多线程、分布式、缓存、MQ等机制，微服务开发框架、设计模式等主流互联网技术栈;
4、掌握TCP/IP底层通信原理，熟悉网络编程及常用IOT通信协议，如HTTP、CoAP/LWM2M、MQTT，UDP等；
5、精通主流关系数据库、时序数据库、NoSQL/NewSQL等数据库，有较强的数据库设计和开发能力,有数据库性能优化、分库分表设计的经验；
6、具备较强的沟通和逻辑表达能力，有清晰的问题解决思路，能够深入调查、攻克疑难杂症；
7、有阿里云/腾讯云/华为云/AWS/Azure等大数据和其他Saas/PaaS服务等使用经验者优先，对开源物联网平台有深入研究优先；
8．认可面向未来的IoT战略业务，热爱技术创新，有追求卓越的品质。","1、负责参与AIoT平台的方案构建、架构设计与系统优化，持续提升IoT平台高并发、高可用、海量连接及交付能力;
2、负责AIoT平台的开发（包含技术框架、开发规范、平台接口、功能模块等）及部署运维，保证云平台系统高效运作;
3、负责构建支持PB级数据量、千百万级IOT终端接入架构和开发。",Hadoop|Spark|Hive|Storm|Flink|数仓开发|Kafka|数据平台|本科|3-5年,Python|Java|TCP/IP|阿里云|腾讯云|华为云|AWS|Azure,Python|Java|TCP/IP|阿里云|腾讯云|华为云|AWS|Azure,Python|Java|TCP/IP|阿里云|腾讯云|华为云|AWS|Azure,Python=>编程语言 || Java=>编程语言 || TCP/IP=>网络协议 || 阿里云=>云平台 || 腾讯云=>云平台 || 华为云=>云平台 || AWS=>云平台 || Azure=>云平台,"Python=>系架构，有实际架构设计经验，有前瞻性的规划和落地实施方案和路径；
2、精通Java/Go/Python等语言，能独立完成复杂系统架构、设计以及编码工作；
3、掌握主流互联网技术栈，熟悉IO，多 || Java=>系和云平台服务体系架构，有实际架构设计经验，有前瞻性的规划和落地实施方案和路径；
2、精通Java/Go/Python等语言，能独立完成复杂系统架构、设计以及编码工作；
3、掌握主流互联网 || TCP/IP=>，多线程、分布式、缓存、MQ等机制，微服务开发框架、设计模式等主流互联网技术栈;
4、掌握TCP/IP底层通信原理，熟悉网络编程及常用IOT通信协议，如HTTP、CoAP/LWM2M、MQTT || 阿里云=>、具备较强的沟通和逻辑表达能力，有清晰的问题解决思路，能够深入调查、攻克疑难杂症；
7、有阿里云/腾讯云/华为云/AWS/Azure等大数据和其他Saas/PaaS服务等使用经验者优先， || 腾讯云=>强的沟通和逻辑表达能力，有清晰的问题解决思路，能够深入调查、攻克疑难杂症；
7、有阿里云/腾讯云/华为云/AWS/Azure等大数据和其他Saas/PaaS服务等使用经验者优先，对开源物 || 华为云=>和逻辑表达能力，有清晰的问题解决思路，能够深入调查、攻克疑难杂症；
7、有阿里云/腾讯云/华为云/AWS/Azure等大数据和其他Saas/PaaS服务等使用经验者优先，对开源物联网平台 || AWS=>达能力，有清晰的问题解决思路，能够深入调查、攻克疑难杂症；
7、有阿里云/腾讯云/华为云/AWS/Azure等大数据和其他Saas/PaaS服务等使用经验者优先，对开源物联网平台有深入研 || Azure=>有清晰的问题解决思路，能够深入调查、攻克疑难杂症；
7、有阿里云/腾讯云/华为云/AWS/Azure等大数据和其他Saas/PaaS服务等使用经验者优先，对开源物联网平台有深入研究优先；
8",requirement_text,
23,zhaopin,2026-06-25.1,2026-06-18.1;2026-06-22.1+sha256:b9b87316,2026-06-18.1;2026-06-22.1+sha256:4b6deb61,数据开发工程师,武汉,736,40726468806,http://jobs.zhaopin.com/CC146246840J40726468806.htm,2026-06-29T08:59:04,627ce018b0ce7498,01d12dbaaea784bc,NLP数据工程师,北京洛斯达科技发展有限公司,武汉,洪山,2-2.9万,20000,29000,12,本科,本科,5-10年,5-10年,5,10,区间,全职,软件/IT服务,300-499人,国企,2025-10-21,2025-10-21 09:29:58,,,not_provided,计算机科学|数据科学|人工智能,计算机类|数据科学|人工智能,计算机类=>工学 || 数据科学=>工学 || 人工智能=>工学,要求,计算机类=>1. 计算机科学、人工智能、数据科学等相关专业，本科及以上学历，具备5年以上NLP/数据工程相关经验 || 数据科学=>1. 计算机科学、人工智能、数据科学等相关专业，本科及以上学历，具备5年以上NLP/数据工程相关经验 || 人工智能=>1. 计算机科学、人工智能、数据科学等相关专业，本科及以上学历，具备5年以上NLP/数据工程相关经验,description,仅依据岗位正文中的专业要求语境抽取,"岗位职责
1. 能够主导自然语言处理相关的数据治理与架构设计，负责数据采集、清洗、预处理、结构化建模的全流程质量控制；
2. 能够规划并构建大规模高质量文本数据集，建立数据评估体系，支撑NLP/LLM的训练、微调与持续优化；
3. 能够主导企业级知识库与知识图谱建设，设计数据标准、索引策略和更新机制，提升知识管理与智能检索能力；
4. 能够牵头RAG（Retrieval-Augmented Generation）系统的架构设计与优化，推动知识检索与大模型问答系统的深度融合；
5. 能够设计并实现高性能数据处理管道（ETL/ELT、流式处理），提升跨系统、跨场景的数据自动化处理水平；
6. 能够指导和支持算法团队进行数据增强、模型效果验证与问题诊断，推动模型精度和稳定性提升；
7. 推动智能体技术在业务中的应用落地，结合 Dify 等平台构建任务型与流程型智能体，加速企业智能化转型。
任职资格
1. 计算机科学、人工智能、数据科学等相关专业，本科及以上学历，具备5年以上NLP/数据工程相关经验；
2. 深入掌握文本挖掘、信息抽取、知识建模等NLP核心技术，熟悉大规模文本数据处理与分析；
3. 精通向量数据库（FAISS、Milvus、Weaviate、Annoy 等）及其在RAG系统中的优化应用；
4. 熟悉大模型（LLM）全流程，包括数据清洗、预训练语料构建、微调、向量检索、评估与优化；
5. 具备知识库、知识图谱设计与运维经验，能够推动企业级知识管理体系建设；
6. 熟悉智能体技术及生态，具备基于 Dify、LangChain 等框架的智能体搭建与应用落地经验；
7. 具备优秀的技术规划与跨部门协同能力，能够主导项目实施并带领团队实现业务目标。
是国企！是国企！是国企！ 很稳定！很稳定！很稳定！","岗位职责
1. 能够主导自然语言处理相关的数据治理与架构设计，负责数据采集、清洗、预处理、结构化建模的全流程质量控制；
2. 能够规划并构建大规模高质量文本数据集，建立数据评估体系，支撑NLP/LLM的训练、微调与持续优化；
3. 能够主导企业级知识库与知识图谱建设，设计数据标准、索引策略和更新机制，提升知识管理与智能检索能力；
4. 能够牵头RAG（Retrieval-Augmented Generation）系统的架构设计与优化，推动知识检索与大模型问答系统的深度融合；
5. 能够设计并实现高性能数据处理管道（ETL/ELT、流式处理），提升跨系统、跨场景的数据自动化处理水平；
6. 能够指导和支持算法团队进行数据增强、模型效果验证与问题诊断，推动模型精度和稳定性提升；
7. 推动智能体技术在业务中的应用落地，结合 Dify 等平台构建任务型与流程型智能体，加速企业智能化转型。
任职资格
1. 计算机科学、人工智能、数据科学等相关专业，本科及以上学历，具备5年以上NLP/数据工程相关经验；
2. 深入掌握文本挖掘、信息抽取、知识建模等NLP核心技术，熟悉大规模文本数据处理与分析；
3. 精通向量数据库（FAISS、Milvus、Weaviate、Annoy 等）及其在RAG系统中的优化应用；
4. 熟悉大模型（LLM）全流程，包括数据清洗、预训练语料构建、微调、向量检索、评估与优化；
5. 具备知识库、知识图谱设计与运维经验，能够推动企业级知识管理体系建设；
6. 熟悉智能体技术及生态，具备基于 Dify、LangChain 等框架的智能体搭建与应用落地经验；
7. 具备优秀的技术规划与跨部门协同能力，能够主导项目实施并带领团队实现业务目标。
是国企！是国企！是国企！ 很稳定！很稳定！很稳定！","1. 计算机科学、人工智能、数据科学等相关专业，本科及以上学历，具备5年以上NLP/数据工程相关经验；
2. 深入掌握文本挖掘、信息抽取、知识建模等NLP核心技术，熟悉大规模文本数据处理与分析；
3. 精通向量数据库（FAISS、Milvus、Weaviate、Annoy 等）及其在RAG系统中的优化应用；
4. 熟悉大模型（LLM）全流程，包括数据清洗、预训练语料构建、微调、向量检索、评估与优化；
5. 具备知识库、知识图谱设计与运维经验，能够推动企业级知识管理体系建设；
6. 熟悉智能体技术及生态，具备基于 Dify、LangChain 等框架的智能体搭建与应用落地经验；
7. 具备优秀的技术规划与跨部门协同能力，能够主导项目实施并带领团队实现业务目标。
是国企！是国企！是国企！ 很稳定！很稳定！很稳定！","1. 能够主导自然语言处理相关的数据治理与架构设计，负责数据采集、清洗、预处理、结构化建模的全流程质量控制；
2. 能够规划并构建大规模高质量文本数据集，建立数据评估体系，支撑NLP/LLM的训练、微调与持续优化；
3. 能够主导企业级知识库与知识图谱建设，设计数据标准、索引策略和更新机制，提升知识管理与智能检索能力；
4. 能够牵头RAG（Retrieval-Augmented Generation）系统的架构设计与优化，推动知识检索与大模型问答系统的深度融合；
5. 能够设计并实现高性能数据处理管道（ETL/ELT、流式处理），提升跨系统、跨场景的数据自动化处理水平；
6. 能够指导和支持算法团队进行数据增强、模型效果验证与问题诊断，推动模型精度和稳定性提升；
7. 推动智能体技术在业务中的应用落地，结合 Dify 等平台构建任务型与流程型智能体，加速企业智能化转型。",NLP数据处理|数据治理|数据架构|本科|5-10年,ETL|数据治理|大语言模型|RAG|LangChain|NLP,大语言模型|RAG|LangChain|NLP,大语言模型|RAG|LangChain|NLP,大语言模型=>人工智能 || RAG=>人工智能应用 || LangChain=>大模型框架 || NLP=>人工智能,"大语言模型=>Milvus、Weaviate、Annoy 等）及其在RAG系统中的优化应用；
4. 熟悉大模型（LLM）全流程，包括数据清洗、预训练语料构建、微调、向量检索、评估与优化；
5. 具备知 || RAG=>3. 精通向量数据库（FAISS、Milvus、Weaviate、Annoy 等）及其在RAG系统中的优化应用；
4. 熟悉大模型（LLM）全流程，包括数据清洗、预训练语料构建、微调、 || LangChain=>维经验，能够推动企业级知识管理体系建设；
6. 熟悉智能体技术及生态，具备基于 Dify、LangChain 等框架的智能体搭建与应用落地经验；
7. 具备优秀的技术规划与跨部门协同能力，能够主导项 || NLP=>1. 计算机科学、人工智能、数据科学等相关专业，本科及以上学历，具备5年以上NLP/数据工程相关经验；
2. 深入掌握文本挖掘、信息抽取、知识建模等NLP核心技术，熟悉大规",requirement_text,
24,zhaopin,2026-06-25.1,2026-06-18.1;2026-06-22.1+sha256:b9b87316,2026-06-18.1;2026-06-22.1+sha256:4b6deb61,数据开发工程师,武汉,736,40777738716,http://jobs.zhaopin.com/CC000432190J40777738716.htm,2026-06-29T08:59:04,2d5c2454b4136161,150daf34432a7928,数据开发（高级）(J14992),先进数通,武汉,江夏,1-1.6万,10000,16000,12,本科,本科,5-10年,5-10年,5,10,区间,全职,软件/IT服务,1000-9999人,股份制企业,2025-12-02,2025-12-02 09:14:25,,,not_provided,计算机,计算机类,计算机类=>工学,相关专业优先,"计算机类=>2.计算机相关专业，有志于长期从事IT行业
4.熟悉数据治理理论优先考虑 5.实际参与数据治理项目优",description,仅依据岗位正文中的专业要求语境抽取,岗位要求： 1.统招本，5年以上银行经验，有相关工作经验； 2.计算机相关专业，有志于长期从事IT行业； 3.有很强的管理、沟通能力 4.有管理10人以上ODS、数据仓库、湖仓项目的能力和经验 5.拥有大数据、数据模型、数据采集相关能力 任职要求: 1.熟悉ETL数据加工流程，例如DataStage、kettle等；； 2.熟悉主流数据库(oracle，DB2，mysql)、熟悉SQL、存储过程及优化方法； 3.熟悉LINUX或UNIX等操作系统； 4.熟悉数据治理理论优先考虑 5.实际参与数据治理项目优先考虑 6.有银行报表开发经验的优先考虑； 7.有FineReport经验的优先考虑； 8.有数据服务经验者优先考虑； 9.有客户画像及数据指标经验者优先考虑,岗位要求： 1.统招本，5年以上银行经验，有相关工作经验； 2.计算机相关专业，有志于长期从事IT行业； 3.有很强的管理、沟通能力 4.有管理10人以上ODS、数据仓库、湖仓项目的能力和经验 5.拥有大数据、数据模型、数据采集相关能力 任职要求: 1.熟悉ETL数据加工流程，例如DataStage、kettle等；； 2.熟悉主流数据库(oracle，DB2，mysql)、熟悉SQL、存储过程及优化方法； 3.熟悉LINUX或UNIX等操作系统； 4.熟悉数据治理理论优先考虑 5.实际参与数据治理项目优先考虑 6.有银行报表开发经验的优先考虑； 7.有FineReport经验的优先考虑； 8.有数据服务经验者优先考虑； 9.有客户画像及数据指标经验者优先考虑,1.统招本，5年以上银行经验，有相关工作经验； 2.计算机相关专业，有志于长期从事IT行业； 3.有很强的管理、沟通能力 4.有管理10人以上ODS、数据仓库、湖仓项目的能力和经验 5.拥有大数据、数据模型、数据采集相关能力 任职要求: 1.熟悉ETL数据加工流程，例如DataStage、kettle等；； 2.熟悉主流数据库(oracle，DB2，mysql)、熟悉SQL、存储过程及优化方法； 3.熟悉LINUX或UNIX等操作系统； 4.熟悉数据治理理论优先考虑 5.实际参与数据治理项目优先考虑 6.有银行报表开发经验的优先考虑； 7.有FineReport经验的优先考虑； 8.有数据服务经验者优先考虑； 9.有客户画像及数据指标经验者优先考虑,岗位要求：,ETL|数据仓库|Sql|Hadoop|Spark|银行|数据开发|本科|5-10年,SQL|数据仓库|MySQL|Oracle|ETL|数据治理|数据建模|Linux|Kettle|FineReport,SQL|数据仓库|MySQL|Oracle|ETL|数据治理|数据建模|Linux|Kettle|FineReport,SQL|数据仓库|MySQL|Oracle|ETL|数据治理|数据建模|Linux|Kettle|FineReport,SQL=>查询语言 || 数据仓库=>数据工程 || MySQL=>数据库 || Oracle=>数据库 || ETL=>数据工程 || 数据治理=>数据工程 || 数据建模=>数据工程 || Linux=>操作系统 || Kettle=>ETL工具 || FineReport=>数据可视化,SQL=>tage、kettle等；； 2.熟悉主流数据库(oracle，DB2，mysql)、熟悉SQL、存储过程及优化方法； 3.熟悉LINUX或UNIX等操作系统； 4.熟悉数据治理理论优先 || 数据仓库=>关专业，有志于长期从事IT行业； 3.有很强的管理、沟通能力 4.有管理10人以上ODS、数据仓库、湖仓项目的能力和经验 5.拥有大数据、数据模型、数据采集相关能力 任职要求: 1.熟悉E || MySQL=>程，例如DataStage、kettle等；； 2.熟悉主流数据库(oracle，DB2，mysql)、熟悉SQL、存储过程及优化方法； 3.熟悉LINUX或UNIX等操作系统； 4.熟悉数 || Oracle=>.熟悉ETL数据加工流程，例如DataStage、kettle等；； 2.熟悉主流数据库(oracle，DB2，mysql)、熟悉SQL、存储过程及优化方法； 3.熟悉LINUX或UNIX等操 || ETL=>库、湖仓项目的能力和经验 5.拥有大数据、数据模型、数据采集相关能力 任职要求: 1.熟悉ETL数据加工流程，例如DataStage、kettle等；； 2.熟悉主流数据库(oracle || 数据治理=>l)、熟悉SQL、存储过程及优化方法； 3.熟悉LINUX或UNIX等操作系统； 4.熟悉数据治理理论优先考虑 5.实际参与数据治理项目优先考虑 6.有银行报表开发经验的优先考虑； 7.有 || 数据建模=>理、沟通能力 4.有管理10人以上ODS、数据仓库、湖仓项目的能力和经验 5.拥有大数据、数据模型、数据采集相关能力 任职要求: 1.熟悉ETL数据加工流程，例如DataStage、ket || Linux=>主流数据库(oracle，DB2，mysql)、熟悉SQL、存储过程及优化方法； 3.熟悉LINUX或UNIX等操作系统； 4.熟悉数据治理理论优先考虑 5.实际参与数据治理项目优先考虑 6 || Kettle=>据模型、数据采集相关能力 任职要求: 1.熟悉ETL数据加工流程，例如DataStage、kettle等；； 2.熟悉主流数据库(oracle，DB2，mysql)、熟悉SQL、存储过程及优化 || FineReport=>理论优先考虑 5.实际参与数据治理项目优先考虑 6.有银行报表开发经验的优先考虑； 7.有FineReport经验的优先考虑； 8.有数据服务经验者优先考虑； 9.有客户画像及数据指标经验者优先考虑,requirement_text,
25,zhaopin,2026-06-25.1,2026-06-18.1;2026-06-22.1+sha256:b9b87316,2026-06-18.1;2026-06-22.1+sha256:4b6deb61,数据开发工程师,武汉,736,40323627201,http://jobs.zhaopin.com/CCL1256897760J40323627201.htm,2026-06-29T08:59:04,ad3472bdcd9c8fb4,1774430704e3b70d,工业大数据工程师,开波特(武汉)人工智能有限公司,武汉,洪山,1.5-3万,15000,30000,12,本科,本科,3-5年,3-5年,3,5,区间,全职,人工智能,20-99人,民营,2025-11-10,2025-11-10 14:58:39,,,not_provided,计算机|人工智能,计算机类|人工智能,计算机类=>工学 || 人工智能=>工学,相关专业优先,"计算机类=>1）计算机或者相关专业，本科及以上学历，3年以上数据开发经验
6）有数仓设计、建模、 ETL等相关经 || 人工智能=>有数仓设计、建模、 ETL等相关经验者优先
8）有工业互联网平台解决方案经验者优先
9）对人工智能、大数据、云计算、IoT等技术有一定的解决方案应用经验者优先
10）有制造业、制药、医疗、",description,仅依据岗位正文中的专业要求语境抽取,"开波特人工智能有限公司是由加州大学伯克利分校教授、普渡大学教授、以及艾飞尔（硅谷）人工智能实验室专家组成的团队在中国创办的高端人工智能公司，是一家中国投资的内资企业。公司由中国总部和美国硅谷研发团队组成。主要业务是，通过创始人团队掌握的国际一流的人工智能技术，研发、设计和实施国际一流的人工智能解决方案，以实现开波特所追求的“智能工厂”、“智慧医疗”的全球愿景。由于开波特专家团队的国际一流的人工智能技术和丰富的产业应用经验，教育部学校规划建设发展中心于2020年8月2日正式指定开波特人工智能有限公司为教育部“高水平人工智能建设项目”的唯一技术提供方和实施方。

开波特人工智能有限公司计划在国内建设多个国际一流的“人工智能实验室”，与开波特位于美国硅谷的人工智能实验室一起，共同研发具有国际一流水平的人工智能解决方案。因此，作为开波特人工智能计划的一部分，我们正在寻找有激情和才华的工业大数据工程师。你将与开波特国际一流的技术团队一起，创建国际一流的解决方案。

岗位职责

1）负责大数据平台（含数据湖、湖仓等）的规划、搭建、和调试，集成国际最前沿的相关组件；
2）参与数仓(离线、实时)工具集成、开发和维护；
3）参与数据采集、处理、建模等开发工作，并构建高效数据流处理流水线（pipeline）；
4）负责数据导入，数据清洗和基表（ODS），公共数据层建立；
5）负责数仓明细数据（DWD）和汇总数据（DWS）建立；
6）大数据平台的维护和优化。

基本要求

1）计算机或者相关专业，本科及以上学历，3年以上数据开发经验；
2）熟练掌握Hadoop/Spark/Hbase/Hive/ Storm/ES/Flink/Lakehouse/Iceberg等一个或多个框架；
3）至少了解Kafka框架；
4）对数仓、数据湖，湖仓有深刻的理解；
5）至少主导或参加过一个完整大型数仓分析项目的开发;
6）有数仓设计、建模、 ETL等相关经验者优先;
7）熟悉掌握一项数据处理流水线框架（e.g. AirFlow, Beam)；
8）有工业互联网平台解决方案经验者优先；
9）对人工智能、大数据、云计算、IoT等技术有一定的解决方案应用经验者优先；
10）有制造业、制药、医疗、化工、纺织等工业行业数字化相关工作经验者优先；
11） 具备快速学习和理解能力。","开波特人工智能有限公司是由加州大学伯克利分校教授、普渡大学教授、以及艾飞尔（硅谷）人工智能实验室专家组成的团队在中国创办的高端人工智能公司，是一家中国投资的内资企业。公司由中国总部和美国硅谷研发团队组成。主要业务是，通过创始人团队掌握的国际一流的人工智能技术，研发、设计和实施国际一流的人工智能解决方案，以实现开波特所追求的“智能工厂”、“智慧医疗”的全球愿景。由于开波特专家团队的国际一流的人工智能技术和丰富的产业应用经验，教育部学校规划建设发展中心于2020年8月2日正式指定开波特人工智能有限公司为教育部“高水平人工智能建设项目”的唯一技术提供方和实施方。

开波特人工智能有限公司计划在国内建设多个国际一流的“人工智能实验室”，与开波特位于美国硅谷的人工智能实验室一起，共同研发具有国际一流水平的人工智能解决方案。因此，作为开波特人工智能计划的一部分，我们正在寻找有激情和才华的工业大数据工程师。你将与开波特国际一流的技术团队一起，创建国际一流的解决方案。

岗位职责

1）负责大数据平台（含数据湖、湖仓等）的规划、搭建、和调试，集成国际最前沿的相关组件；
2）参与数仓(离线、实时)工具集成、开发和维护；
3）参与数据采集、处理、建模等开发工作，并构建高效数据流处理流水线（pipeline）；
4）负责数据导入，数据清洗和基表（ODS），公共数据层建立；
5）负责数仓明细数据（DWD）和汇总数据（DWS）建立；
6）大数据平台的维护和优化。

基本要求

1）计算机或者相关专业，本科及以上学历，3年以上数据开发经验；
2）熟练掌握Hadoop/Spark/Hbase/Hive/ Storm/ES/Flink/Lakehouse/Iceberg等一个或多个框架；
3）至少了解Kafka框架；
4）对数仓、数据湖，湖仓有深刻的理解；
5）至少主导或参加过一个完整大型数仓分析项目的开发;
6）有数仓设计、建模、 ETL等相关经验者优先;
7）熟悉掌握一项数据处理流水线框架（e.g. AirFlow, Beam)；
8）有工业互联网平台解决方案经验者优先；
9）对人工智能、大数据、云计算、IoT等技术有一定的解决方案应用经验者优先；
10）有制造业、制药、医疗、化工、纺织等工业行业数字化相关工作经验者优先；
11） 具备快速学习和理解能力。","1）计算机或者相关专业，本科及以上学历，3年以上数据开发经验；
2）熟练掌握Hadoop/Spark/Hbase/Hive/ Storm/ES/Flink/Lakehouse/Iceberg等一个或多个框架；
3）至少了解Kafka框架；
4）对数仓、数据湖，湖仓有深刻的理解；
5）至少主导或参加过一个完整大型数仓分析项目的开发;
6）有数仓设计、建模、 ETL等相关经验者优先;
7）熟悉掌握一项数据处理流水线框架（e.g. AirFlow, Beam)；
8）有工业互联网平台解决方案经验者优先；
9）对人工智能、大数据、云计算、IoT等技术有一定的解决方案应用经验者优先；
10）有制造业、制药、医疗、化工、纺织等工业行业数字化相关工作经验者优先；
11） 具备快速学习和理解能力。","1）负责大数据平台（含数据湖、湖仓等）的规划、搭建、和调试，集成国际最前沿的相关组件；
2）参与数仓(离线、实时)工具集成、开发和维护；
3）参与数据采集、处理、建模等开发工作，并构建高效数据流处理流水线（pipeline）；
4）负责数据导入，数据清洗和基表（ODS），公共数据层建立；
5）负责数仓明细数据（DWD）和汇总数据（DWS）建立；
6）大数据平台的维护和优化。",Hadoop|Spark|Hive|Storm|Flink|数仓开发|Kafka|数据平台|本科|3-5年,Spark|数据仓库|Hadoop|Hive|Flink|Kafka|HBase|Airflow|ETL|数据湖,Spark|数据仓库|Hadoop|Hive|Flink|Kafka|HBase|Airflow|ETL|数据湖,Spark|数据仓库|Hadoop|Hive|Flink|Kafka|HBase|Airflow|ETL|数据湖,Spark=>大数据框架 || 数据仓库=>数据工程 || Hadoop=>大数据框架 || Hive=>大数据框架 || Flink=>大数据框架 || Kafka=>消息与流处理 || HBase=>数据库 || Airflow=>工作流调度 || ETL=>数据工程 || 数据湖=>数据工程,"Spark=>1）计算机或者相关专业，本科及以上学历，3年以上数据开发经验；
2）熟练掌握Hadoop/Spark/Hbase/Hive/ Storm/ES/Flink/Lakehouse/Iceberg || 数据仓库=>Lakehouse/Iceberg等一个或多个框架；
3）至少了解Kafka框架；
4）对数仓、数据湖，湖仓有深刻的理解；
5）至少主导或参加过一个完整大型数仓分析项目的开发;
6）有 || Hadoop=>1）计算机或者相关专业，本科及以上学历，3年以上数据开发经验；
2）熟练掌握Hadoop/Spark/Hbase/Hive/ Storm/ES/Flink/Lakehouse/I || Hive=>本科及以上学历，3年以上数据开发经验；
2）熟练掌握Hadoop/Spark/Hbase/Hive/ Storm/ES/Flink/Lakehouse/Iceberg等一个或多个框架；
3 || Flink=>发经验；
2）熟练掌握Hadoop/Spark/Hbase/Hive/ Storm/ES/Flink/Lakehouse/Iceberg等一个或多个框架；
3）至少了解Kafka框架；
4） || Kafka=>rm/ES/Flink/Lakehouse/Iceberg等一个或多个框架；
3）至少了解Kafka框架；
4）对数仓、数据湖，湖仓有深刻的理解；
5）至少主导或参加过一个完整大型数仓分析项 || HBase=>者相关专业，本科及以上学历，3年以上数据开发经验；
2）熟练掌握Hadoop/Spark/Hbase/Hive/ Storm/ES/Flink/Lakehouse/Iceberg等一个或多个 || Airflow=>数仓设计、建模、 ETL等相关经验者优先;
7）熟悉掌握一项数据处理流水线框架（e.g. AirFlow, Beam)；
8）有工业互联网平台解决方案经验者优先；
9）对人工智能、大数据、云计算 || ETL=>刻的理解；
5）至少主导或参加过一个完整大型数仓分析项目的开发;
6）有数仓设计、建模、 ETL等相关经验者优先;
7）熟悉掌握一项数据处理流水线框架（e.g. AirFlow, Bea || 数据湖=>）熟练掌握Hadoop/Spark/Hbase/Hive/ Storm/ES/Flink/Lakehouse/Iceberg等一个或多个框架；
3）至少了解Kafka框架；
4）对数仓、数据湖，湖仓",requirement_text,
